{
    "condition": "minecraft:alternative",
    "terms": [
      {
        "condition": "minecraft:entity_properties",
        "entity": "this",
        "predicate": {
          "equipment": {
            "mainhand": {
              "nbt": "{asy:{VialEntity:\"asy:flutterfly\"}}"
            }
          }
        }
      },
      {
        "condition": "minecraft:entity_properties",
        "entity": "this",
        "predicate": {
          "equipment": {
            "offhand": {
                "nbt": "{asy:{VialEntity:\"asy:flutterfly\"}}"
            }
          }
        }
      }
    ]
  }
  