{
	"credit": "Made with Blockbench",
"texture_size": [32, 32],
"textures": {
	"0": "asy:block/billboard/connectors/sw"
},
"elements": [
	{
		"from": [0, 0, 8],
		"to": [16, 16, 8],
		"faces": {
			"north": {"uv": [16, 0, 0, 16], "texture": "#0"},
			"east": {"uv": [0, 0, 0, 8], "texture": "#0"},
			"south": {"uv": [0, 0, 16, 16], "texture": "#0"},
			"west": {"uv": [0, 0, 0, 8], "texture": "#0"},
			"up": {"uv": [8, 0, 0, 0], "texture": "#0"},
			"down": {"uv": [8, 0, 0, 0], "texture": "#0"}
		}
	}
],
"display": {
	"head": {
		"rotation": [0, 90.5, 0],
		"translation": [7.75, -33, 0],"scale":[0.8,0.8,0.8]
	}
}
}