{
    "pools": [{
      "rolls": 1,
      "entries": [{
        "type": "minecraft:item",
        "weight": 1,
        "functions": [{
            "function": "set_nbt",
            "tag": "{CustomModelData:6901001,smithed:{id:\"asy:containment_vial_full\"},asy:{VialEntity:\"asy:flutterpillar\"}}"
          },
          {
            "function": "minecraft:set_name",
            "name": {
              "translate": "item.asy.containment_vial",
              "italic": false
            }
          },
          {
            "function": "minecraft:set_lore",
            "lore": [
              {
                "translate":"entity.asy.flutterpillar",
                "italic":false,
                "color":"gray"
              },
              {
              "translate": "pack.asy",
              "color": "#990E6B",
              "italic": true
            }]
          }
        ],
        "name": "minecraft:warped_fungus_on_a_stick"
      }]
    }]
  }