{
	"credit": "Made with Blockbench",
	"texture_size": [64, 64],
	"textures": {
		"0": "nihility:entity/dechanter",
		"particle": "nihility:entity/dechanter"
	},
	"elements": [
		{
			"name": "Skull",
			"from": [3.5, 0, 4],
			"to": [12.5, 7, 11],
			"faces": {
				"north": {"uv": [1.75, 5.25, 4, 7], "texture": "#0", "tintindex": 0},
				"east": {"uv": [0, 5.25, 1.75, 7], "texture": "#0", "tintindex": 0},
				"south": {"uv": [5.75, 5.25, 8, 7], "texture": "#0", "tintindex": 0},
				"west": {"uv": [4, 5.25, 5.75, 7], "texture": "#0", "tintindex": 0},
				"up": {"uv": [4, 5.25, 1.75, 3.5], "texture": "#0", "tintindex": 0},
				"down": {"uv": [6.25, 3.5, 4, 5.25], "texture": "#0", "tintindex": 0}
			}
		}
	],
	"display": {
		"ground": {
			"rotation": [0, -180, 0],
			"translation": [0, -9.6, -6]
		},
		"head": {
			"translation": [0, 6, 0],
			"scale": [1.6, 1.6, 1.6]
		}
	}
}