{
	"credit": "Made with Blockbench",
	"parent": "witherling",
	"texture_size": [128, 128],
	"textures": {
		"0": "epl:entity/witherling",
		"particle": "epl:entity/witherling"
	},
	"elements": [
		{
			"from": [10, -8, 9],
			"to": [16, 5, 10],
			"rotation": {"angle": -45, "axis": "z", "origin": [16, -8, -6]},
			"faces": {
				"north": {"uv": [5.5, 3.25, 4.75, 4.875], "texture": "#0"},
				"east": {"uv": [5.5, 6.5, 5.375, 8.125], "texture": "#0"},
				"south": {"uv": [5.5, 1.625, 4.75, 3.25], "texture": "#0"},
				"west": {"uv": [3.625, 6.625, 3.5, 8.25], "texture": "#0"},
				"up": {"uv": [7.5, 4, 6.75, 4.125], "texture": "#0"},
				"down": {"uv": [7.5, 4.25, 6.75, 4.125], "texture": "#0"}
			}
		},
		{
			"from": [8, -2, -6],
			"to": [10, 5, -5],
			"rotation": {"angle": -45, "axis": "z", "origin": [16, -8, -6]},
			"faces": {
				"north": {"uv": [3.5, 6.5, 3.25, 7.375], "texture": "#0"},
				"east": {"uv": [7, 4.75, 6.875, 5.625], "texture": "#0"},
				"south": {"uv": [3.25, 6.5, 3, 7.375], "texture": "#0"},
				"west": {"uv": [5.625, 6.875, 5.5, 7.75], "texture": "#0"},
				"up": {"uv": [7.25, 2.375, 7, 2.5], "texture": "#0"},
				"down": {"uv": [7.25, 2.625, 7, 2.5], "texture": "#0"}
			}
		},
		{
			"from": [10, -8, -6],
			"to": [16, 5, -5],
			"rotation": {"angle": -45, "axis": "z", "origin": [16, -8, -6]},
			"faces": {
				"north": {"uv": [3.5, 4.875, 2.75, 6.5], "texture": "#0"},
				"east": {"uv": [4, 6.625, 3.875, 8.25], "texture": "#0"},
				"south": {"uv": [2.75, 4.875, 2, 6.5], "texture": "#0"},
				"west": {"uv": [4.125, 6.625, 4, 8.25], "texture": "#0"},
				"up": {"uv": [7.625, 6.5, 6.875, 6.625], "texture": "#0"},
				"down": {"uv": [7.625, 6.75, 6.875, 6.625], "texture": "#0"}
			}
		},
		{
			"from": [15, -8, -5],
			"to": [16, 5, 9],
			"rotation": {"angle": -45, "axis": "z", "origin": [16, -8, -6]},
			"faces": {
				"north": {"uv": [3.875, 6.625, 3.75, 8.25], "texture": "#0"},
				"east": {"uv": [3.75, 0, 2, 1.625], "texture": "#0"},
				"south": {"uv": [3.75, 6.625, 3.625, 8.25], "texture": "#0"},
				"west": {"uv": [3.75, 1.625, 2, 3.25], "texture": "#0"},
				"up": {"uv": [2.875, 6.5, 2.75, 8.25], "texture": "#0"},
				"down": {"uv": [3, 8.25, 2.875, 6.5], "texture": "#0"}
			}
		},
		{
			"from": [8, 5, -6],
			"to": [16, 6, 10],
			"rotation": {"angle": -45, "axis": "z", "origin": [16, -8, -6]},
			"faces": {
				"north": {"uv": [7.75, 3.625, 6.75, 3.75], "texture": "#0"},
				"east": {"uv": [8.25, 4.25, 6.25, 4.375], "texture": "#0"},
				"south": {"uv": [7.625, 6.375, 6.625, 6.5], "texture": "#0"},
				"west": {"uv": [8.25, 4.375, 6.25, 4.5], "texture": "#0"},
				"up": {"uv": [4.75, 1.625, 3.75, 3.625], "texture": "#0"},
				"down": {"uv": [4.75, 5.625, 3.75, 3.625], "texture": "#0"}
			}
		},
		{
			"from": [8, -2, 9],
			"to": [10, 5, 10],
			"rotation": {"angle": -45, "axis": "z", "origin": [16, -8, -6]},
			"faces": {
				"north": {"uv": [2.75, 6.5, 2.5, 7.375], "texture": "#0"},
				"east": {"uv": [6.875, 6.5, 6.75, 7.375], "texture": "#0"},
				"south": {"uv": [4.75, 5.625, 4.5, 6.5], "texture": "#0"},
				"west": {"uv": [7, 2, 6.875, 2.875], "texture": "#0"},
				"up": {"uv": [6.5, 4.75, 6.25, 4.875], "texture": "#0"},
				"down": {"uv": [6.375, 7, 6.125, 6.875], "texture": "#0"}
			}
		},
		{
			"from": [0, -8, -6],
			"to": [6, 5, -5],
			"rotation": {"angle": 45, "axis": "z", "origin": [0, -8, -6]},
			"faces": {
				"north": {"uv": [6.25, 0, 5.5, 1.625], "texture": "#0"},
				"east": {"uv": [4.25, 6.625, 4.125, 8.25], "texture": "#0"},
				"south": {"uv": [5.5, 4.875, 4.75, 6.5], "texture": "#0"},
				"west": {"uv": [4.375, 6.625, 4.25, 8.25], "texture": "#0"},
				"up": {"uv": [7.625, 6.75, 6.875, 6.875], "texture": "#0"},
				"down": {"uv": [7.625, 7, 6.875, 6.875], "texture": "#0"}
			}
		},
		{
			"from": [6, -2, 9],
			"to": [8, 5, 10],
			"rotation": {"angle": 45, "axis": "z", "origin": [0, -8, -6]},
			"faces": {
				"north": {"uv": [5, 6.5, 4.75, 7.375], "texture": "#0"},
				"east": {"uv": [5.75, 6.875, 5.625, 7.75], "texture": "#0"},
				"south": {"uv": [4.75, 6.5, 4.5, 7.375], "texture": "#0"},
				"west": {"uv": [5.875, 6.875, 5.75, 7.75], "texture": "#0"},
				"up": {"uv": [7.25, 2.625, 7, 2.75], "texture": "#0"},
				"down": {"uv": [7.25, 2.875, 7, 2.75], "texture": "#0"}
			}
		},
		{
			"from": [0, -8, 9],
			"to": [6, 5, 10],
			"rotation": {"angle": 45, "axis": "z", "origin": [0, -8, -6]},
			"faces": {
				"north": {"uv": [6.25, 3.25, 5.5, 4.875], "texture": "#0"},
				"east": {"uv": [4.5, 6.625, 4.375, 8.25], "texture": "#0"},
				"south": {"uv": [6.25, 1.625, 5.5, 3.25], "texture": "#0"},
				"west": {"uv": [6.75, 4.75, 6.625, 6.375], "texture": "#0"},
				"up": {"uv": [0.75, 7, 0, 7.125], "texture": "#0"},
				"down": {"uv": [1.5, 7.125, 0.75, 7], "texture": "#0"}
			}
		},
		{
			"from": [0, -8, -5],
			"to": [1, 5, 9],
			"rotation": {"angle": 45, "axis": "z", "origin": [0, -8, -6]},
			"faces": {
				"north": {"uv": [6.875, 4.75, 6.75, 6.375], "texture": "#0"},
				"east": {"uv": [3.75, 3.25, 2, 4.875], "texture": "#0"},
				"south": {"uv": [6.875, 2, 6.75, 3.625], "texture": "#0"},
				"west": {"uv": [5.5, 0, 3.75, 1.625], "texture": "#0"},
				"up": {"uv": [6.625, 4.75, 6.5, 6.5], "texture": "#0"},
				"down": {"uv": [5.125, 8.25, 5, 6.5], "texture": "#0"}
			}
		},
		{
			"from": [0, 5, -6],
			"to": [8, 6, 10],
			"rotation": {"angle": 45, "axis": "z", "origin": [0, -8, -6]},
			"faces": {
				"north": {"uv": [7.75, 3.875, 6.75, 4], "texture": "#0"},
				"east": {"uv": [8.25, 4.5, 6.25, 4.625], "texture": "#0"},
				"south": {"uv": [7.75, 3.75, 6.75, 3.875], "texture": "#0"},
				"west": {"uv": [8.25, 4.625, 6.25, 4.75], "texture": "#0"},
				"up": {"uv": [1, 4, 0, 6], "texture": "#0"},
				"down": {"uv": [2, 6, 1, 4], "texture": "#0"}
			}
		},
		{
			"from": [6, -2, -6],
			"to": [8, 5, -5],
			"rotation": {"angle": 45, "axis": "z", "origin": [0, -8, -6]},
			"faces": {
				"north": {"uv": [6.75, 6.5, 6.5, 7.375], "texture": "#0"},
				"east": {"uv": [6, 6.875, 5.875, 7.75], "texture": "#0"},
				"south": {"uv": [5.375, 6.5, 5.125, 7.375], "texture": "#0"},
				"west": {"uv": [6.125, 6.875, 6, 7.75], "texture": "#0"},
				"up": {"uv": [7.25, 2.875, 7, 3], "texture": "#0"},
				"down": {"uv": [7.25, 3.125, 7, 3], "texture": "#0"}
			}
		},
		{
			"from": [0, -10, -6],
			"to": [16, -8, 10],
			"rotation": {"angle": 0, "axis": "z", "origin": [8, 0, 16]},
			"faces": {
				"north": {"uv": [8.25, 1.5, 6.25, 1.75], "texture": "#0"},
				"east": {"uv": [8.25, 1.25, 6.25, 1.5], "texture": "#0"},
				"south": {"uv": [8.25, 1, 6.25, 1.25], "texture": "#0"},
				"west": {"uv": [8.25, 1.75, 6.25, 2], "texture": "#0"},
				"up": {"uv": [2, 0, 0, 2], "texture": "#0"},
				"down": {"uv": [2, 4, 0, 2], "texture": "#0"}
			}
		},
		{
			"from": [6, -8, 9],
			"to": [10, -2, 10],
			"rotation": {"angle": 0, "axis": "z", "origin": [8, 0, 16]},
			"faces": {
				"north": {"uv": [6.75, 2.75, 6.25, 3.5], "texture": "#0"},
				"east": {"uv": [3.625, 4.875, 3.5, 5.625], "texture": "#0"},
				"south": {"uv": [6.75, 2, 6.25, 2.75], "texture": "#0"},
				"west": {"uv": [3.75, 4.875, 3.625, 5.625], "texture": "#0"},
				"up": {"uv": [2, 7, 1.5, 7.125], "texture": "#0"},
				"down": {"uv": [7.5, 2.125, 7, 2], "texture": "#0"}
			}
		},
		{
			"from": [6, -8, -6],
			"to": [10, -2, -5],
			"rotation": {"angle": 0, "axis": "z", "origin": [8, 0, 16]},
			"faces": {
				"north": {"uv": [2.5, 6.5, 2, 7.25], "texture": "#0"},
				"east": {"uv": [7, 2.875, 6.875, 3.625], "texture": "#0"},
				"south": {"uv": [6.75, 3.5, 6.25, 4.25], "texture": "#0"},
				"west": {"uv": [7, 5.625, 6.875, 6.375], "texture": "#0"},
				"up": {"uv": [7.5, 2.125, 7, 2.25], "texture": "#0"},
				"down": {"uv": [7.5, 2.375, 7, 2.25], "texture": "#0"}
			}
		},
		{
			"name": "head",
			"from": [4, 0, -2],
			"to": [12, 8, 6],
			"rotation": {"angle": 45, "axis": "y", "origin": [8, 0, 2]},
			"faces": {
				"north": {"uv": [6.5, 4.875, 5.5, 5.875], "texture": "#0"},
				"east": {"uv": [1, 6, 0, 7], "texture": "#0"},
				"south": {"uv": [6.5, 5.875, 5.5, 6.875], "texture": "#0"},
				"west": {"uv": [4.5, 5.625, 3.5, 6.625], "texture": "#0"},
				"up": {"uv": [2, 6, 1, 7], "rotation": 180, "texture": "#0"},
				"down": {"uv": [7.25, 1, 6.25, 0], "rotation": 180, "texture": "#0"}
			}
		}
	],
	"groups": [
		{
			"name": "flap1",
			"origin": [0, 0, 0],
			"color": 0,
			"nbt": "{}",
			"armAnimationEnabled": false,
			"children": [0, 1, 2, 3, 4, 5]
		},
		{
			"name": "flap2",
			"origin": [0, 0, 0],
			"color": 0,
			"nbt": "{}",
			"armAnimationEnabled": false,
			"children": [6, 7, 8, 9, 10, 11]
		},
		{
			"name": "base",
			"origin": [0, 0, 0],
			"color": 0,
			"nbt": "{}",
			"armAnimationEnabled": false,
			"children": [12, 13, 14]
		},
		15
	]
}