{
	"credit": "Made with Blockbench",
	"texture_size": [64, 64],
	"textures": {
		"1": "nihility:block/oblivion_well",
		"2": "nihility:block/oblivion_well_top",
		"particle": "nihility:block/oblivion_well_top"
	},
	"elements": [
		{
			"from": [0, 0, 0],
			"to": [16, 16, 16],
			"faces": {
				"north": {"uv": [0, 0, 4, 4], "texture": "#1"},
				"east": {"uv": [0, 4, 4, 8], "texture": "#1"},
				"south": {"uv": [4, 0, 8, 4], "texture": "#1"},
				"west": {"uv": [4, 4, 8, 8], "texture": "#1"},
				"up": {"uv": [0, 0, 16, 16], "texture": "#2"},
				"down": {"uv": [12, 0, 8, 4], "texture": "#1"}
			}
		},
		{
			"from": [7, 16, 1],
			"to": [9, 29, 3],
			"faces": {
				"north": {"uv": [4, 10.75, 4.5, 14], "texture": "#1"},
				"east": {"uv": [4.5, 10.75, 5, 14], "texture": "#1"},
				"south": {"uv": [10.75, 4.75, 11.25, 8], "texture": "#1"},
				"west": {"uv": [5, 10.75, 5.5, 14], "texture": "#1"},
				"up": {"uv": [10, 11.75, 9.5, 11.25], "texture": "#1"},
				"down": {"uv": [11.75, 11, 11.25, 11.5], "texture": "#1"}
			}
		},
		{
			"from": [7, 16, 13],
			"to": [9, 29, 15],
			"faces": {
				"north": {"uv": [5.5, 10.75, 6, 14], "texture": "#1"},
				"east": {"uv": [6, 10.75, 6.5, 14], "texture": "#1"},
				"south": {"uv": [6.5, 10.75, 7, 14], "texture": "#1"},
				"west": {"uv": [7, 10.75, 7.5, 14], "texture": "#1"},
				"up": {"uv": [11.75, 12, 11.25, 11.5], "texture": "#1"},
				"down": {"uv": [12.25, 4.75, 11.75, 5.25], "texture": "#1"}
			}
		},
		{
			"from": [6.5, 29, 0],
			"to": [9.5, 32, 16],
			"faces": {
				"north": {"uv": [11.25, 9.5, 12, 10.25], "texture": "#1"},
				"east": {"uv": [4, 10, 8, 10.75], "texture": "#1"},
				"south": {"uv": [11.25, 10.25, 12, 11], "texture": "#1"},
				"west": {"uv": [10, 4, 14, 4.75], "texture": "#1"},
				"up": {"uv": [10.75, 8.75, 10, 4.75], "texture": "#1"},
				"down": {"uv": [10.75, 8.75, 10, 12.75], "texture": "#1"}
			}
		},
		{
			"from": [7, 19, 8],
			"to": [9, 29, 8],
			"rotation": {"angle": 45, "axis": "y", "origin": [8, 0, 8]},
			"faces": {
				"north": {"uv": [7.5, 10.75, 8, 13.25], "texture": "#1"},
				"east": {"uv": [0, 0, 0, 2.5], "texture": "#1"},
				"south": {"uv": [10.75, 8, 11.25, 10.5], "texture": "#1"},
				"west": {"uv": [0, 0, 0, 2.5], "texture": "#1"},
				"up": {"uv": [0.5, 0, 0, 0], "texture": "#1"},
				"down": {"uv": [0.5, 0, 0, 0], "texture": "#1"}
			}
		},
		{
			"from": [8, 19, 7],
			"to": [8, 29, 9],
			"rotation": {"angle": 45, "axis": "y", "origin": [8, 0, 8]},
			"faces": {
				"north": {"uv": [0, 0, 0, 2.5], "texture": "#1"},
				"east": {"uv": [10.75, 10.5, 11.25, 13], "texture": "#1"},
				"south": {"uv": [0, 0, 0, 2.5], "texture": "#1"},
				"west": {"uv": [11.25, 4.75, 11.75, 7.25], "texture": "#1"},
				"up": {"uv": [0, 0.5, 0, 0], "texture": "#1"},
				"down": {"uv": [0, 0, 0, 0.5], "texture": "#1"}
			}
		},
		{
			"from": [11, 12, 4],
			"to": [12, 13, 6],
			"rotation": {"angle": 0, "axis": "y", "origin": [16, -6, 0]},
			"faces": {
				"north": {"uv": [1.25, 12, 1.5, 12.25], "texture": "#1"},
				"east": {"uv": [9.5, 11.75, 10, 12], "texture": "#1"},
				"south": {"uv": [12, 1.25, 12.25, 1.5], "texture": "#1"},
				"west": {"uv": [11.75, 11, 12.25, 11.25], "texture": "#1"},
				"up": {"uv": [12, 11.75, 11.75, 11.25], "texture": "#1"},
				"down": {"uv": [12, 11.75, 11.75, 12.25], "texture": "#1"}
			}
		},
		{
			"from": [4, 12, 10],
			"to": [5, 13, 12],
			"rotation": {"angle": 0, "axis": "y", "origin": [16, -6, 0]},
			"faces": {
				"north": {"uv": [1.5, 12, 1.75, 12.25], "texture": "#1"},
				"east": {"uv": [0, 12, 0.5, 12.25], "texture": "#1"},
				"south": {"uv": [12, 1.5, 12.25, 1.75], "texture": "#1"},
				"west": {"uv": [12, 0, 12.5, 0.25], "texture": "#1"},
				"up": {"uv": [12.25, 0.75, 12, 0.25], "texture": "#1"},
				"down": {"uv": [0.75, 12, 0.5, 12.5], "texture": "#1"}
			}
		},
		{
			"from": [5, 12, 4],
			"to": [6, 13, 5],
			"rotation": {"angle": 0, "axis": "y", "origin": [0, -6, 0]},
			"faces": {
				"north": {"uv": [3.25, 12, 3.5, 12.25], "texture": "#1"},
				"east": {"uv": [12, 3.25, 12.25, 3.5], "texture": "#1"},
				"south": {"uv": [3.5, 12, 3.75, 12.25], "texture": "#1"},
				"west": {"uv": [12, 3.5, 12.25, 3.75], "texture": "#1"},
				"up": {"uv": [4, 12.25, 3.75, 12], "texture": "#1"},
				"down": {"uv": [12.25, 3.75, 12, 4], "texture": "#1"}
			}
		},
		{
			"from": [10, 12, 4],
			"to": [11, 13, 5],
			"rotation": {"angle": 0, "axis": "y", "origin": [0, -6, 0]},
			"faces": {
				"north": {"uv": [12, 5.25, 12.25, 5.5], "texture": "#1"},
				"east": {"uv": [12, 5.5, 12.25, 5.75], "texture": "#1"},
				"south": {"uv": [12, 5.75, 12.25, 6], "texture": "#1"},
				"west": {"uv": [12, 6, 12.25, 6.25], "texture": "#1"},
				"up": {"uv": [12.25, 6.5, 12, 6.25], "texture": "#1"},
				"down": {"uv": [12.25, 6.5, 12, 6.75], "texture": "#1"}
			}
		},
		{
			"from": [10, 12, 11],
			"to": [11, 13, 12],
			"rotation": {"angle": 0, "axis": "y", "origin": [0, -6, 0]},
			"faces": {
				"north": {"uv": [1.75, 12, 2, 12.25], "texture": "#1"},
				"east": {"uv": [12, 1.75, 12.25, 2], "texture": "#1"},
				"south": {"uv": [2, 12, 2.25, 12.25], "texture": "#1"},
				"west": {"uv": [12, 2, 12.25, 2.25], "texture": "#1"},
				"up": {"uv": [2.5, 12.25, 2.25, 12], "texture": "#1"},
				"down": {"uv": [12.25, 2.25, 12, 2.5], "texture": "#1"}
			}
		},
		{
			"from": [11, 12, 10],
			"to": [12, 13, 12],
			"rotation": {"angle": 0, "axis": "y", "origin": [0, -6, 0]},
			"faces": {
				"north": {"uv": [1, 12, 1.25, 12.25], "texture": "#1"},
				"east": {"uv": [7, 9.75, 7.5, 10], "texture": "#1"},
				"south": {"uv": [12, 1, 12.25, 1.25], "texture": "#1"},
				"west": {"uv": [7.5, 9.75, 8, 10], "texture": "#1"},
				"up": {"uv": [12, 6.75, 11.75, 6.25], "texture": "#1"},
				"down": {"uv": [12, 6.75, 11.75, 7.25], "texture": "#1"}
			}
		},
		{
			"from": [5, 12, 11],
			"to": [6, 13, 12],
			"rotation": {"angle": 0, "axis": "y", "origin": [0, -6, 0]},
			"faces": {
				"north": {"uv": [2.5, 12, 2.75, 12.25], "texture": "#1"},
				"east": {"uv": [12, 2.5, 12.25, 2.75], "texture": "#1"},
				"south": {"uv": [2.75, 12, 3, 12.25], "texture": "#1"},
				"west": {"uv": [12, 2.75, 12.25, 3], "texture": "#1"},
				"up": {"uv": [3.25, 12.25, 3, 12], "texture": "#1"},
				"down": {"uv": [12.25, 3, 12, 3.25], "texture": "#1"}
			}
		},
		{
			"from": [4, 12, 4],
			"to": [5, 13, 6],
			"rotation": {"angle": 0, "axis": "y", "origin": [0, -6, 0]},
			"faces": {
				"north": {"uv": [0.75, 12, 1, 12.25], "texture": "#1"},
				"east": {"uv": [6, 9.75, 6.5, 10], "texture": "#1"},
				"south": {"uv": [12, 0.75, 12.25, 1], "texture": "#1"},
				"west": {"uv": [6.5, 9.75, 7, 10], "texture": "#1"},
				"up": {"uv": [12, 5.75, 11.75, 5.25], "texture": "#1"},
				"down": {"uv": [12, 5.75, 11.75, 6.25], "texture": "#1"}
			}
		},
		{
			"name": "bucket",
			"from": [4, 13, 4],
			"to": [12, 20, 12],
			"rotation": {"angle": 0, "axis": "y", "origin": [0, -6, 0]},
			"faces": {
				"north": {"uv": [6, 8, 8, 9.75], "texture": "#1"},
				"east": {"uv": [8, 6, 10, 7.75], "texture": "#1"},
				"south": {"uv": [8, 7.75, 10, 9.5], "texture": "#1"},
				"west": {"uv": [8, 9.5, 10, 11.25], "texture": "#1"},
				"up": {"uv": [6, 10, 4, 8], "texture": "#1"},
				"down": {"uv": [10, 4, 8, 6], "texture": "#1"}
			}
		},
		{
			"from": [12, 15, 5],
			"to": [12, 18, 11],
			"rotation": {"angle": 22.5, "axis": "z", "origin": [12, 18, 5]},
			"faces": {
				"north": {"uv": [0, 0, 0, 0.75], "texture": "#1"},
				"east": {"uv": [11.25, 7.25, 12.75, 8], "texture": "#1"},
				"south": {"uv": [0, 0, 0, 0.75], "texture": "#1"},
				"west": {"uv": [8, 11.25, 9.5, 12], "texture": "#1"},
				"up": {"uv": [0, 1.5, 0, 0], "texture": "#1"},
				"down": {"uv": [0, 0, 0, 1.5], "texture": "#1"}
			}
		},
		{
			"from": [4, 15, 5],
			"to": [4, 18, 11],
			"rotation": {"angle": -22.5, "axis": "z", "origin": [4, 18, 5]},
			"faces": {
				"north": {"uv": [0, 0, 0, 0.75], "texture": "#1"},
				"east": {"uv": [11.25, 8, 12.75, 8.75], "texture": "#1"},
				"south": {"uv": [0, 0, 0, 0.75], "texture": "#1"},
				"west": {"uv": [11.25, 8.75, 12.75, 9.5], "texture": "#1"},
				"up": {"uv": [0, 1.5, 0, 0], "texture": "#1"},
				"down": {"uv": [0, 0, 0, 1.5], "texture": "#1"}
			}
		}
	],
	"display": {
		"thirdperson_righthand": {
			"rotation": [75, 45, 0],
			"translation": [0, 2.5, 0],
			"scale": [0.375, 0.375, 0.375]
		},
		"thirdperson_lefthand": {
			"rotation": [75, 45, 0],
			"translation": [0, 2.5, 0],
			"scale": [0.375, 0.375, 0.375]
		},
		"firstperson_righthand": {
			"rotation": [0, 45, 0],
			"scale": [0.4, 0.4, 0.4]
		},
		"firstperson_lefthand": {
			"rotation": [0, 225, 0],
			"scale": [0.4, 0.4, 0.4]
		},
		"ground": {
			"translation": [0, 3, 0],
			"scale": [0.25, 0.25, 0.25]
		},
		"gui": {
			"rotation": [30, 225, 0],
			"scale": [0.625, 0.625, 0.625]
		},
		"head": {
			"translation": [0, -30.43, 0],
			"scale": [1.602, 1.602, 1.602]
		},
		"fixed": {
			"scale": [0.5, 0.5, 0.5]
		}
	},
	"groups": [
		{
			"name": "well",
			"origin": [0, 0, 0],
			"color": 0,
			"children": [0, 1, 2, 3]
		},
		{
			"name": "chain",
			"origin": [8, 8, 8],
			"color": 0,
			"children": [4, 5]
		},
		{
			"name": "bucket",
			"origin": [0, 0, 0],
			"color": 0,
			"children": [6, 7, 8, 9, 10, 11, 12, 13, 14, 15, 16]
		}
	]
}