{
	"credit": "Made with Blockbench",
	"textures": {
		"0": "nihility:block/weaved_crystal",
		"particle": "nihility:block/weaved_crystal"
	},
	"elements": [
		{
			"from": [0, 0, 8],
			"to": [16, 16, 8],
			"faces": {
				"north": {"uv": [0, 0, 16, 16], "texture": "#0"},
				"east": {"uv": [0, 0, 0, 16], "texture": "#0"},
				"south": {"uv": [0, 0, 16, 16], "texture": "#0"},
				"west": {"uv": [0, 0, 0, 16], "texture": "#0"},
				"up": {"uv": [0, 0, 16, 0], "texture": "#0"},
				"down": {"uv": [0, 0, 16, 0], "texture": "#0"}
			}
		},
		{
			"from": [8, 0, 0],
			"to": [8, 16, 16],
			"faces": {
				"north": {"uv": [0, 0, 0, 16], "texture": "#0"},
				"east": {"uv": [0, 0, 16, 16], "texture": "#0"},
				"south": {"uv": [0, 0, 0, 16], "texture": "#0"},
				"west": {"uv": [0, 0, 16, 16], "texture": "#0"},
				"up": {"uv": [0, 0, 16, 0], "rotation": 270, "texture": "#0"},
				"down": {"uv": [0, 0, 16, 0], "rotation": 90, "texture": "#0"}
			}
		}
	],
	"display": {
		"head": {
			"rotation": [0, 45, 0],
			"translation": [0, -30.43, 0],
			"scale": [1.602, 1.602, 1.602]
		}
	}
}