{
	"credit": "Made with Blockbench",
	"textures": {
		"0": "nihility:entity/rupture_missionary/hurt"
	},
	"elements": [
		{
			"name": "head",
			"from": [3.48, -4.02, 3.48],
			"to": [12.52, 0.02, 12.52],
			"faces": {
				"north": {"uv": [2, 5, 4, 6], "texture": "#0"},
				"east": {"uv": [0, 5, 2, 6], "texture": "#0"},
				"south": {"uv": [6, 5, 8, 6], "texture": "#0"},
				"west": {"uv": [4, 5, 6, 6], "texture": "#0"},
				"up": {"uv": [2, 5, 0, 3], "texture": "#0"}
			}
		},
		{
			"name": "head",
			"from": [3.48, -0.02, 3.48],
			"to": [12.52, 4.02, 12.52],
			"faces": {
				"north": {"uv": [2, 2, 4, 3], "texture": "#0"},
				"east": {"uv": [0, 2, 2, 3], "texture": "#0"},
				"south": {"uv": [6, 2, 8, 3], "texture": "#0"},
				"west": {"uv": [4, 2, 6, 3], "texture": "#0"},
				"up": {"uv": [4, 2, 2, 0], "texture": "#0"},
				"down": {"uv": [0, 0, 0, 0], "texture": "#0"}
			}
		},
		{
			"name": "brim",
			"from": [-0.02, -0.02, -0.02],
			"to": [16.02, 0.02, 16.02],
			"faces": {
				"north": {"uv": [11.75, 11.75, 15.75, 12], "texture": "#0"},
				"east": {"uv": [7.5, 12, 7.75, 16], "texture": "#0"},
				"south": {"uv": [7.75, 11.75, 11.75, 12], "texture": "#0"},
				"west": {"uv": [11.75, 12, 12, 16], "texture": "#0"},
				"up": {"uv": [11.75, 16, 7.75, 12], "texture": "#0"},
				"down": {"uv": [11.75, 12, 7.75, 16], "texture": "#0"}
			}
		}
	],
	"display": {
		"head": {
			"translation": [0, 13, 0],
			"scale": [1.601, 1.601, 1.601]
		}
	}
}