{"providers":[
    {"type":"bitmap","ascent":36,"height":180,"file":"nihility:gui/book.png","chars":["a"]},
    {"type":"bitmap","ascent":36,"height":180,"file":"nihility:gui/book1.png","chars":["b"]},
    {"type":"bitmap","ascent":36,"height":180,"file":"nihility:gui/book2.png","chars":["c"]},
    {"type":"bitmap","ascent":36,"height":180,"file":"nihility:gui/book3.png","chars":["d"]},
    {"type":"bitmap","ascent":36,"height":180,"file":"nihility:gui/book4.png","chars":["e"]},
    {"type":"bitmap","ascent":36,"height":180,"file":"nihility:gui/book5.png","chars":["f"]},
    {"type":"space","advances":{"1":-147,"2":-1,"3":30}},{"type":"bitmap","file":"nihility:gui/book_background_icon.png","ascent":26,"height":152,"chars":["g"]},
    {"type":"bitmap","file":"nihility:gui/book_background.png","ascent":26,"height":152,"chars":["\ud000"]},
    {"type":"bitmap","file":"nihility:gui/negative_space.png","ascent":-32768,"height":-6,"chars":["\ud001"]},
    {"type":"bitmap","file":"nihility:gui/negative_space.png","ascent":-32768,"height":40,"chars":["\ud002"]},
    {"type":"bitmap","file":"nihility:item/test.png","ascent":29,"height":32,"chars":["\ud003"]},
    {"type":"bitmap","file":"nihility:gui/negative_space.png","ascent":-32768,"height":4,"chars":["\ud004"]},
    {"type":"bitmap","file":"nihility:item/test.png","ascent":-2,"height":32,"chars":["\ud005"]},
    {"type":"bitmap","file":"nihility:gui/negative_space.png","ascent":-32768,"height":2,"chars":["\ud006"]},{"type":"bitmap","file":"nihility:gui/negative_space.png","ascent":-32768,"height":1,"chars":["\ud007"]},
    {"type":"bitmap","file":"nihility:item/air.png","ascent":-2,"height":32,"chars":["\ud008"]},
    {"type":"bitmap","file":"nihility:item/voidnilla_twig.png","ascent":-2,"height":32,"chars":["\ud009"]},
    {"type":"bitmap","file":"nihility:item/voidnilla_twig.png","ascent":-32768,"height":-32,"chars":["\uf009"]},
    {"type":"bitmap","file":"nihility:item/voidnilla_leaf.png","ascent":-2,"height":32,"chars":["\ud00a"]},
    {"type":"bitmap","file":"nihility:item/voidnilla_leaf.png","ascent":-32768,"height":-32,"chars":["\uf00a"]},
    {"type":"bitmap","file":"minecraft:item/stick.png","ascent":-2,"height":32,"chars":["\ud00b"]},
    {"type":"bitmap","file":"minecraft:item/stick.png","ascent":-32768,"height":-32,"chars":["\uf00b"]},
    {"type":"bitmap","file":"minecraft:block/oak_sapling.png","ascent":-2,"height":32,"chars":["\ud00c"]},
    {"type":"bitmap","file":"minecraft:block/oak_sapling.png","ascent":-32768,"height":-32,"chars":["\uf00c"]},
    {"type":"bitmap","file":"minecraft:item/end_crystal.png","ascent":-2,"height":32,"chars":["\ud00d"]},
    {"type":"bitmap","file":"minecraft:item/end_crystal.png","ascent":-32768,"height":-32,"chars":["\uf00d"]},{"type":"bitmap","file":"minecraft:item/amethyst_shard.png","ascent":-2,"height":32,"chars":["\ud00e"]},
    {"type":"bitmap","file":"minecraft:item/amethyst_shard.png","ascent":-32768,"height":-32,"chars":["\uf00e"]},{"type":"bitmap","file":"minecraft:item/echo_shard.png","ascent":-2,"height":32,"chars":["\ud00f"]},
    {"type":"bitmap","file":"minecraft:item/echo_shard.png","ascent":-32768,"height":-32,"chars":["\uf00f"]},
    {"type":"bitmap","file":"minecraft:item/lava_bucket.png","ascent":-2,"height":32,"chars":["\ud010"]},
    {"type":"bitmap","file":"minecraft:item/lava_bucket.png","ascent":-32768,"height":-32,"chars":["\uf010"]},
    {"type":"bitmap","file":"minecraft:item/copper_ingot.png","ascent":-2,"height":32,"chars":["\ud011"]},
    {"type":"bitmap","file":"minecraft:item/copper_ingot.png","ascent":-32768,"height":-32,"chars":["\uf011"]},
    {"type":"bitmap","file":"nihility:item/magnetite.png","ascent":-2,"height":32,"chars":["\ud012"]},
    {"type":"bitmap","file":"nihility:item/magnetite.png","ascent":-32768,"height":-32,"chars":["\uf012"]},
    {"type":"bitmap","file":"minecraft:item/wheat.png","ascent":-2,"height":32,"chars":["\ud013"]},
    {"type":"bitmap","file":"minecraft:item/wheat.png","ascent":-32768,"height":-32,"chars":["\uf013"]},
    {"type":"bitmap","file":"minecraft:item/fire_charge.png","ascent":-2,"height":32,"chars":["\ud014"]},
    {"type":"bitmap","file":"minecraft:item/fire_charge.png","ascent":-32768,"height":-32,"chars":["\uf014"]},
    {"type":"bitmap","file":"nihility:item/rupture_entry_0.png","ascent":-2,"height":32,"chars":["\ud015"]},
    {"type":"bitmap","file":"nihility:item/rupture_entry_0.png","ascent":-32768,"height":-32,"chars":["\uf015"]},
    {"type":"bitmap","file":"nihility:item/rupture_entry_1.png","ascent":-2,"height":32,"chars":["\ud016"]},
    {"type":"bitmap","file":"nihility:item/rupture_entry_1.png","ascent":-32768,"height":-32,"chars":["\uf016"]},
    {"type":"bitmap","file":"nihility:item/book_locked.png","ascent":-2,"height":32,"chars":["\ud017"]},
    {"type":"bitmap","file":"nihility:item/book_locked.png","ascent":-32768,"height":-32,"chars":["\uf017"]},
    {"type":"bitmap","file":"nihility:item/book_locked.png","ascent":-2,"height":32,"chars":["\ud018"]},
    {"type":"bitmap","file":"nihility:item/book_locked.png","ascent":-32768,"height":-32,"chars":["\uf018"]},
    {"type":"bitmap","file":"nihility:item/book_locked.png","ascent":-2,"height":32,"chars":["\ud019"]},
    {"type":"bitmap","file":"nihility:item/book_locked.png","ascent":-32768,"height":-32,"chars":["\uf019"]},
    {"type":"bitmap","file":"nihility:item/book_locked.png","ascent":-2,"height":32,"chars":["\ud01a"]},
    {"type":"bitmap","file":"nihility:item/book_locked.png","ascent":-32768,"height":-32,"chars":["\uf01a"]},
    {"type":"bitmap","file":"nihility:item/book_locked.png","ascent":-2,"height":32,"chars":["\ud01b"]},
    {"type":"bitmap","file":"nihility:item/book_locked.png","ascent":-32768,"height":-32,"chars":["\uf01b"]},
    {"type":"bitmap","file":"nihility:item/book_locked.png","ascent":-2,"height":32,"chars":["\ud01c"]},
    {"type":"bitmap","file":"nihility:item/book_locked.png","ascent":-32768,"height":-32,"chars":["\uf01c"]},
    {"type":"bitmap","file":"nihility:item/book_locked.png","ascent":-2,"height":32,"chars":["\ud01d"]},
    {"type":"bitmap","file":"nihility:item/book_locked.png","ascent":-32768,"height":-32,"chars":["\uf01d"]},

    {"type":"bitmap","file":"nihility:gui/icons.png","ascent":29,"height":32,"chars":["\ue40b\ue40c\ue40d\ue40e\ue40f\ue410\ue411\ue412\ue413\ue414\ue415\ue416\ue417\ue418\ue419\ue41a\ue41b\ue41c\ue41d\ue41e\ue41f","\ue420\ue421\ue422\ue423\ue424\ue425\ue426\ue427\ue428\ue429\ue42a\ue42b\ue42c\ue42d\ue42e\ue42f\ue430\ue431\ue432\ue433\ue434","\ue435\ue436\ue437\ue438\ue439\ue43a\ue43b\ue43c\ue43d\ue43e\ue43f\ue440\ue441\ue442\ue443\ue444\ue445\ue446\ue447\ue448\ue449","\ue44a\ue44b\ue44c\ue44d\ue44e\ue44f\ue450\ue451\ue452\ue453\ue454\ue455\ue456\ue457\ue458\ue459\ue45a\ue45b\ue45c\ue45d\ue45e","\ue45f\ue460\ue461\ue462\ue463\ue464\ue465\ue466\ue467\ue468\ue469\ue46a\ue46b\ue46c\ue46d\ue46e\ue46f\ue470\ue471\ue472\ue473","\ue474\ue475\ue476\ue477\ue478\ue479\ue47a\ue47b\ue47c\ue47d\ue47e\ue47f\ue480\ue481\ue482\ue483\ue484\ue485\ue486\ue487\ue488","\ue489\ue48a\ue48b\ue48c\ue48d\ue48e\ue48f\ue490\ue491\ue492\ue493\ue494\ue495\ue496\ue497\ue498\ue499\ue49a\ue49b\ue49c\ue49d","\ue49e\ue49f\ue4a0\ue4a1\ue4a2\ue4a3\ue4a4\ue4a5\ue4a6\ue4a7\ue4a8\ue4a9\ue4aa\ue4ab\ue4ac\ue4ad\ue4ae\ue4af\ue4b0\ue4b1\ue4b2","\ue4b3\ue4b4\ue4b5\ue4b6\ue4b7\ue4b8\ue4b9\ue4ba\ue4bb\ue4bc\ue4bd\ue4be\ue4bf\ue4c0\ue4c1\ue4c2\ue4c3\ue4c4\ue4c5\ue4c6\ue4c7","\ue4c8\ue4c9\ue4ca\ue4cb\ue4cc\ue4cd\ue4ce\ue4cf\ue4d0\ue4d1\ue4d2\ue4d3\ue4d4\ue4d5\ue4d6\ue4d7\ue4d8\ue4d9\ue4da\ue4db\ue4dc","\ue4dd\ue4de\ue4df\ue4e0\ue4e1\ue4e2\ue4e3\ue4e4\ue4e5\ue4e6\ue4e7\ue4e8\ue4e9\ue4ea\ue4eb\ue4ec\ue4ed\ue4ee\ue4ef\ue4f0\ue4f1","\ue4f2\ue4f3\ue4f4\ue4f5\ue4f6\ue4f7\ue4f8\ue4f9\ue4fa\ue4fb\ue4fc\ue4fd\ue4fe\ue4ff\ue500\ue501\ue502\ue503\ue504\ue505\ue506","\ue507\ue508\ue509\ue50a\ue50b\ue50c\ue50d\ue50e\ue50f\ue510\ue511\ue512\ue513\ue514\ue515\ue516\ue517\ue518\ue519\ue51a\ue51b","\ue51c\ue51d\ue51e\ue51f\ue520\ue521\ue522\ue523\ue524\ue525\ue526\ue527\ue528\ue529\ue52a\ue52b\ue52c\ue52d\ue52e\ue52f\ue530","\ue531\ue532\ue533\ue534\ue535\ue536\ue537\ue538\ue539\ue53a\ue53b\ue53c\ue53d\ue53e\ue53f\ue540\ue541\ue542\ue543\ue544\ue545","\ue546\ue547\ue548\ue549\ue54a\ue54b\ue54c\ue54d\ue54e\ue54f\ue550\ue551\ue552\ue553\ue554\ue555\ue556\ue557\ue558\ue559\ue55a","\ue55b\ue55c\ue55d\ue55e\ue55f\ue560\ue561\ue562\ue563\ue564\ue565\ue566\ue567\ue568\ue569\ue56a\ue56b\ue56c\ue56d\ue56e\ue56f","\ue570\ue571\ue572\ue573\ue574\ue575\ue576\ue577\ue578\ue579\ue57a\ue57b\ue57c\ue57d\ue57e\ue57f\ue580\ue581\ue582\ue583\ue584","\ue585\ue586\ue587\ue588\ue589\ue58a\ue58b\ue58c\ue58d\ue58e\ue58f\ue590\ue591\ue592\ue593\ue594\ue595\ue596\ue597\ue598\ue599","\ue59a\ue59b\ue59c\ue59d\ue59e\ue59f\ue5a0\ue5a1\ue5a2\ue5a3\ue5a4\ue5a5\ue5a6\ue5a7\ue5a8\ue5a9\ue5aa\ue5ab\ue5ac\ue5ad\ue5ae","\ue5af\ue5b0\ue5b1\ue5b2\ue5b3\ue5b4\ue5b5\ue5b6\ue5b7\ue5b8\ue5b9\ue5ba\ue5bb\ue5bc\ue5bd\ue5be\ue5bf\ue5c0\u0000\u0000\u0000"]},
    {"type":"bitmap","file":"nihility:gui/blocks.png","ascent":-2,"height":32,"chars":["\ue900\ue901\ue902\ue903\ue904\ue905\ue906\ue907\ue908\ue909\ue90a\ue90b\ue90c\ue90d\ue90e\ue90f\ue910\ue911\ue912\ue913\ue914\ue915","\ue916\ue917\ue918\ue919\ue91a\ue91b\ue91c\ue91d\ue91e\ue91f\ue920\ue921\ue922\ue923\ue924\ue925\ue926\ue927\ue928\ue929\ue92a\ue92b","\ue92c\ue92d\ue92e\ue92f\ue930\ue931\ue932\ue933\ue934\ue935\ue936\ue937\ue938\ue939\ue93a\ue93b\ue93c\ue93d\ue93e\ue93f\ue940\ue941","\ue942\ue943\ue944\ue945\ue946\ue947\ue948\ue949\ue94a\ue94b\ue94c\ue94d\ue94e\ue94f\ue950\ue951\ue952\ue953\ue954\ue955\ue956\ue957","\ue958\ue959\ue95a\ue95b\ue95c\ue95d\ue95e\ue95f\ue960\ue961\ue962\ue963\ue964\ue965\ue966\ue967\ue968\ue969\ue96a\ue96b\ue96c\ue96d","\ue96e\ue96f\ue970\ue971\ue972\ue973\ue974\ue975\ue976\ue977\ue978\ue979\ue97a\ue97b\ue97c\ue97d\ue97e\ue97f\ue980\ue981\ue982\ue983","\ue984\ue985\ue986\ue987\ue988\ue989\ue98a\ue98b\ue98c\ue98d\ue98e\ue98f\ue990\ue991\ue992\ue993\ue994\ue995\ue996\ue997\ue998\ue999","\ue99a\ue99b\ue99c\ue99d\ue99e\ue99f\ue9a0\ue9a1\ue9a2\ue9a3\ue9a4\ue9a5\ue9a6\ue9a7\ue9a8\ue9a9\ue9aa\ue9ab\ue9ac\ue9ad\ue9ae\ue9af","\ue9b0\ue9b1\ue9b2\ue9b3\ue9b4\ue9b5\ue9b6\ue9b7\ue9b8\ue9b9\ue9ba\ue9bb\ue9bc\ue9bd\ue9be\ue9bf\ue9c0\ue9c1\ue9c2\ue9c3\ue9c4\ue9c5","\ue9c6\ue9c7\ue9c8\ue9c9\ue9ca\ue9cb\ue9cc\ue9cd\ue9ce\ue9cf\ue9d0\ue9d1\ue9d2\ue9d3\ue9d4\ue9d5\ue9d6\ue9d7\ue9d8\ue9d9\ue9da\ue9db","\ue9dc\ue9dd\ue9de\ue9df\ue9e0\ue9e1\ue9e2\ue9e3\ue9e4\ue9e5\ue9e6\ue9e7\ue9e8\ue9e9\ue9ea\ue9eb\ue9ec\ue9ed\ue9ee\ue9ef\ue9f0\ue9f1","\ue9f2\ue9f3\ue9f4\ue9f5\ue9f6\ue9f7\ue9f8\ue9f9\ue9fa\ue9fb\ue9fc\ue9fd\ue9fe\ue9ff\uea00\uea01\uea02\uea03\uea04\uea05\uea06\uea07","\uea08\uea09\uea0a\uea0b\uea0c\uea0d\uea0e\uea0f\uea10\uea11\uea12\uea13\uea14\uea15\uea16\uea17\uea18\uea19\uea1a\uea1b\uea1c\uea1d","\uea1e\uea1f\uea20\uea21\uea22\uea23\uea24\uea25\uea26\uea27\uea28\uea29\uea2a\uea2b\uea2c\uea2d\uea2e\uea2f\uea30\uea31\uea32\uea33","\uea34\uea35\uea36\uea37\uea38\uea39\uea3a\uea3b\uea3c\uea3d\uea3e\uea3f\uea40\uea41\uea42\uea43\uea44\uea45\uea46\uea47\uea48\uea49","\uea4a\uea4b\uea4c\uea4d\uea4e\uea4f\uea50\uea51\uea52\uea53\uea54\uea55\uea56\uea57\uea58\uea59\uea5a\uea5b\uea5c\uea5d\uea5e\uea5f","\uea60\uea61\uea62\uea63\uea64\uea65\uea66\uea67\uea68\uea69\uea6a\uea6b\uea6c\uea6d\uea6e\uea6f\uea70\uea71\uea72\uea73\uea74\uea75","\uea76\uea77\uea78\uea79\uea7a\uea7b\uea7c\uea7d\uea7e\uea7f\uea80\uea81\uea82\uea83\uea84\uea85\uea86\uea87\uea88\uea89\uea8a\uea8b","\uea8c\uea8d\uea8e\uea8f\uea90\uea91\uea92\uea93\uea94\uea95\uea96\uea97\uea98\uea99\uea9a\uea9b\uea9c\uea9d\uea9e\uea9f\ueaa0\ueaa1","\ueaa2\ueaa3\ueaa4\ueaa5\ueaa6\ueaa7\ueaa8\ueaa9\ueaaa\ueaab\ueaac\ueaad\ueaae\ueaaf\ueab0\ueab1\ueab2\ueab3\ueab4\ueab5\ueab6\ueab7","\ueab8\ueab9\ueaba\ueabb\ueabc\ueabd\ueabe\ueabf\ueac0\ueac1\ueac2\ueac3\ueac4\ueac5\ueac6\ueac7\ueac8\ueac9\ueaca\ueacb\ueacc\ueacd","\ueace\ueacf\uead0\uead1\uead2\uead3\uead4\uead5\uead6\uead7\u0000\u0000\u0000\u0000\u0000\u0000\u0000\u0000\u0000\u0000\u0000\u0000"]}]}