{
	"credit": "Made with Blockbench",
	"texture_size": [64, 64],
	"textures": {
		"1": "asy:item/scraper_helmets/leather",
		"2": "asy:item/scraper_helmets/leather_overlay",
		"particle": "asy:item/scraper_helmets/leather_overlay"
	},
	"elements": [
		{
			"from": [0, 0, 0],
			"to": [16, 16, 16],
			"faces": {
				"north": {"uv": [4, 4, 8, 8], "texture": "#1", "tintindex": 0},
				"east": {"uv": [0, 4, 4, 8], "texture": "#1", "tintindex": 0},
				"south": {"uv": [12, 4, 16, 8], "texture": "#1", "tintindex": 0},
				"west": {"uv": [8, 4, 12, 8], "texture": "#1", "tintindex": 0},
				"up": {"uv": [8, 4, 4, 0], "texture": "#1", "tintindex": 0},
				"down": {"uv": [12, 0, 8, 4], "texture": "#1", "tintindex": 0}
			}
		},
		{
			"from": [0.05, 0.05, -0.05],
			"to": [16.125, 16.125, 16.025],
			"faces": {
				"north": {"uv": [6, 4, 10, 8], "texture": "#2", "tintindex": 0},
				"east": {"uv": [0, 4, 4, 8], "texture": "#2", "tintindex": 0},
				"south": {"uv": [6, 2, 10, 6], "texture": "#2", "tintindex": 0},
				"west": {"uv": [8, 4, 12, 8], "texture": "#2", "tintindex": 0},
				"up": {"uv": [10, 4, 6, 0], "texture": "#2", "tintindex": 0},
				"down": {"uv": [12, 0, 8, 4], "texture": "#2", "tintindex": 0}
			}
		},
		{
			"from": [16.01, 16.01, 16.01],
			"to": [0.03, 0.03, 0.03],
			"faces": {
				"north": {"uv": [12, 4, 16, 8], "rotation": 180, "texture": "#1"},
				"east": {"uv": [0, 4, 4, 8], "rotation": 180, "texture": "#1"},
				"south": {"uv": [4, 4, 8, 8], "rotation": 180, "texture": "#1"},
				"west": {"uv": [8, 4, 12, 8], "rotation": 180, "texture": "#1"},
				"up": {"uv": [12, 0, 8, 4], "texture": "#1"},
				"down": {"uv": [8, 16, 0, 8], "texture": "#1"}
			}
		},
		{
			"from": [-1, 10, 9],
			"to": [7, 18, 17],
			"faces": {
				"north": {"uv": [14, 14, 16, 16], "texture": "#1"},
				"east": {"uv": [12, 14, 14, 16], "texture": "#1"},
				"south": {"uv": [10, 14, 12, 16], "texture": "#1"},
				"west": {"uv": [14, 12, 16, 14], "texture": "#1"},
				"up": {"uv": [12, 12, 14, 14], "texture": "#1"},
				"down": {"uv": [10, 12, 12, 14], "texture": "#1"}
			}
		}
	],
	"display": {
		"thirdperson_righthand": {
			"scale": [0.9, 0.9, 0.9]
		},
		"gui": {
			"rotation": [-90, 0, 0]
		}
	}
}