{
	"credit": "Made with Blockbench",
	"texture_size": [64, 64],
	"textures": {
		"0": "nihility:item/offering_basket",
		"particle": "nihility:item/offering_basket"
	},
	"elements": [
		{
			"from": [0, 3, 2],
			"to": [16, 12, 14],
			"faces": {
				"north": {"uv": [4, 0, 8, 2.25], "texture": "#0"},
				"east": {"uv": [4, 4.5, 7, 6.75], "texture": "#0"},
				"south": {"uv": [4, 2.25, 8, 4.5], "texture": "#0"},
				"west": {"uv": [0, 6, 3, 8.25], "texture": "#0"},
				"up": {"uv": [4, 3, 0, 0], "texture": "#0"},
				"down": {"uv": [4, 3, 0, 6], "texture": "#0"}
			}
		},
		{
			"from": [7, 12, 2],
			"to": [9, 17, 2],
			"faces": {
				"north": {"uv": [7, 4.5, 7.5, 5.75], "texture": "#0"},
				"east": {"uv": [0, 0, 0, 1.25], "texture": "#0"},
				"south": {"uv": [8, 0, 8.5, 1.25], "texture": "#0"},
				"west": {"uv": [0, 0, 0, 1.25], "texture": "#0"},
				"up": {"uv": [0.5, 0, 0, 0], "texture": "#0"},
				"down": {"uv": [0.5, 0, 0, 0], "texture": "#0"}
			}
		},
		{
			"from": [7, 12, 14],
			"to": [9, 17, 14],
			"faces": {
				"north": {"uv": [8, 1.25, 8.5, 2.5], "texture": "#0"},
				"east": {"uv": [0, 0, 0, 1.25], "texture": "#0"},
				"south": {"uv": [8, 2.5, 8.5, 3.75], "texture": "#0"},
				"west": {"uv": [0, 0, 0, 1.25], "texture": "#0"},
				"up": {"uv": [0.5, 0, 0, 0], "texture": "#0"},
				"down": {"uv": [0.5, 0, 0, 0], "texture": "#0"}
			}
		},
		{
			"from": [7, 17, 2],
			"to": [9, 17, 14],
			"faces": {
				"north": {"uv": [0, 0, 0.5, 0], "texture": "#0"},
				"east": {"uv": [0, 0, 3, 0], "texture": "#0"},
				"south": {"uv": [0, 0, 0.5, 0], "texture": "#0"},
				"west": {"uv": [0, 0, 3, 0], "texture": "#0"},
				"up": {"uv": [8, 7.5, 7.5, 4.5], "texture": "#0"},
				"down": {"uv": [8, 7.5, 7.5, 10.5], "texture": "#0"}
			}
		},
		{
			"from": [7, 12, 3],
			"to": [16, 12, 13],
			"rotation": {"angle": 45, "axis": "z", "origin": [8, 12, 2]},
			"faces": {
				"north": {"uv": [0, 0, 2.25, 0], "texture": "#0"},
				"east": {"uv": [0, 0, 2.5, 0], "texture": "#0"},
				"south": {"uv": [0, 0, 2.25, 0], "texture": "#0"},
				"west": {"uv": [0, 0, 2.5, 0], "texture": "#0"},
				"up": {"uv": [5.25, 9.25, 3, 6.75], "texture": "#0"},
				"down": {"uv": [3.75, 3.25, 1.5, 5.75], "texture": "#0"}
			}
		}
	],
	"display": {
		"thirdperson_righthand": {
			"rotation": [75, 45, 0],
			"translation": [0, 2.5, 0],
			"scale": [0.375, 0.375, 0.375]
		},
		"thirdperson_lefthand": {
			"rotation": [75, 45, 0],
			"translation": [0, 2.5, 0],
			"scale": [0.375, 0.375, 0.375]
		},
		"firstperson_righthand": {
			"rotation": [0, 45, 0],
			"scale": [0.4, 0.4, 0.4]
		},
		"firstperson_lefthand": {
			"rotation": [0, 225, 0],
			"scale": [0.4, 0.4, 0.4]
		},
		"ground": {
			"translation": [0, 3, 0],
			"scale": [0.25, 0.25, 0.25]
		},
		"gui": {
			"rotation": [30, 225, 0],
			"scale": [0.625, 0.625, 0.625]
		},
		"head": {
			"translation": [0, -30.43, 0],
			"scale": [1.602, 1.602, 1.602]
		},
		"fixed": {
			"scale": [0.5, 0.5, 0.5]
		}
	}
}