{
  "providers":[
    {
      "type":"bitmap",
      "file":"epl:gui/void_tolerance.png",
      "ascent": 8,
      "height": 16,
      "chars":["\u0001\u0002\u0003\u0004\u0005\u0006"]
    },
    {
      "type":"bitmap",
      "file":"epl:gui/negative_space.png",
      "ascent": -32768,
      "height": -1,
      "chars":["\u000f"]
    },
    {
      "type": "bitmap",
      "file": "epl:gui/negative_space.png",
      "ascent": -32768,
      "height": -10,
      "chars": [
        "\uc010"
      ]
    },
    {
      "type": "bitmap",
      "file": "epl:gui/negative_space.png",
      "ascent": -32768,
      "height": -171,
      "chars": [
        "\uc011"
      ]
    },
    {
      "type": "bitmap",
      "file": "epl:gui/spellbinding_station.png",
      "ascent": 14,
      "height": 176.0,
      "chars": [
        "\uc012"
      ]
    },
    {
      "type":"bitmap",
      "file":"minecraft:item/lapis_lazuli.png",
      "ascent": 9,
      "height": 12,
      "chars":["\uc013"]
    },
    {
      "type": "bitmap",
      "file": "epl:gui/negative_space.png",
      "ascent": -32768,
      "height": -8,
      "chars": [
        "\uc014"
      ]
    },
    {
      "type":"bitmap",
      "file":"epl:gui/experience_icon.png",
      "ascent": 9,
      "height": 12,
      "chars":["\uc015"]
    },
    {
      "type":"bitmap",
      "file":"epl:item/mystic_book.png",
      "ascent": 9,
      "height": 12,
      "chars":["\uc016"]
    }
  ]
}