{
 "pools": [
  {
   "rolls": 1,
   "entries": [
    {
     "type": "minecraft:item",
     "name": "minecraft:iron_sword",
     "functions": [
      {
       "function": "minecraft:set_nbt",
       "tag": "{HideFlags:254,AttributeModifiers:[],CustomModelData:1,display:{Name:'{\"translate\": \"atr.item.giulio\", \"italic\": false, \"color\": \"white\"}',Lore:['{\"translate\": \"atr.lore.type\", \"with\": [{\"translate\": \"atr.rarity.legendary\"}, {\"translate\": \"atr.type.weapon\"}], \"color\": \"#FF8000\", \"italic\": false}','\"\"','{\"translate\": \"atr.lore.stat\", \"with\": [{\"translate\": \"atr.stat.melee_damage\"}, {\"text\": \"34\", \"color\": \"#FF0000\"}], \"italic\": false, \"color\": \"gray\"}','{\"translate\": \"atr.lore.stat\", \"with\": [{\"translate\": \"atr.stat.crit_chance\"}, {\"text\": \"100\", \"color\": \"#FF0000\"}], \"italic\": false, \"color\": \"gray\"}','{\"translate\": \"atr.lore.stat\", \"with\": [{\"translate\": \"atr.stat.crit_damage\"}, {\"text\": \"40\", \"color\": \"#FF0000\"}], \"italic\": false, \"color\": \"gray\"}','\"\"','{\"translate\": \"atr.lore.stat\", \"with\": [{\"translate\": \"atr.stat.max_health\"}, {\"text\": \"45\", \"color\": \"#32CD32\"}], \"italic\": false, \"color\": \"gray\"}','{\"translate\": \"atr.lore.stat\", \"with\": [{\"translate\": \"atr.stat.defense\"}, {\"text\": \"2330\", \"color\": \"#32CD32\"}], \"italic\": false, \"color\": \"gray\"}','\"\"','{\"translate\": \"atr.lore.set_bonus\", \"color\": \"gold\", \"italic\": false}','{\"translate\": \"atr.lore.giulio.set_bonus.1\", \"color\": \"white\", \"italic\": false}','{\"translate\": \"atr.lore.giulio.set_bonus.2\", \"color\": \"white\", \"italic\": false}','\"\"','{\"translate\": \"atr.lore.level_required\", \"with\": [{\"text\": \"1\", \"color\": \"yellow\"}], \"italic\": false, \"color\": \"gray\"}','{\"translate\": \"atr.lore.durability\", \"with\": [{\"text\": \"600\", \"color\": \"white\"}, {\"text\": \"600\", \"color\": \"white\"}], \"italic\": false, \"color\": \"gray\"}','\"\"','{\"translate\": \"atr.lore.giulio.lore.1\", \"color\": \"dark_gray\", \"italic\": false}','{\"translate\": \"atr.lore.giulio.lore.2\", \"color\": \"dark_gray\", \"italic\": false}',]},atr:{type:weapon,stats:{melee_damage:34,crit_chance:100,crit_damage:40,max_health:45,defense:2330,},level_required:1,durability:{current:600,max:600,repaired:1b},rarity:legendary}}"
      },
      {
       "function": "minecraft:set_attributes",
       "modifiers": [
        {
         "attribute": "minecraft:generic.luck",
         "name": "",
         "amount": {
          "min": 1e-15,
          "max": 1e-08
         },
         "operation": "addition",
         "slot": "mainhand"
        }
       ]
      }
     ]
    }
   ]
  }
 ]
}