{"parent": "minecraft:block/cube_all","textures": {"all": "minecraft:block/glass"},"overrides": [{"predicate": {"custom_model_data": 6901000},"model": "asy:block/billboard/display/envoyant"},
{"predicate": {"custom_model_data": 6901001},"model": "asy:block/billboard/display/celadon"},
{"predicate": {"custom_model_data": 6901002},"model": "asy:block/billboard/display/envoyant_egg"},
{"predicate": {"custom_model_data": 6901003},"model": "asy:block/billboard/display/iron_rich_blood"},
{"predicate": {"custom_model_data": 6901004},"model": "asy:block/billboard/display/fleshy_tentacle"},
{"predicate": {"custom_model_data": 6901005},"model": "asy:block/billboard/display/bloater_skin"},
{"predicate": {"custom_model_data": 6901006},"model": "asy:block/billboard/display/flesh_whip"},
{"predicate": {"custom_model_data": 6901007},"model": "asy:block/billboard/display/glass_visor"},
{"predicate": {"custom_model_data": 6901008},"model": "asy:block/billboard/display/scraper"},
{"predicate": {"custom_model_data": 6901009},"model": "asy:block/billboard/display/bloater"},
{"predicate": {"custom_model_data": 6901010},"model": "asy:block/billboard/display/root"},
{"predicate": {"custom_model_data": 6901011},"model": "asy:block/billboard/display/iris"},
{"predicate": {"custom_model_data": 6901012},"model": "asy:block/billboard/display/symbiotic_glass"},
{"predicate": {"custom_model_data": 6901013},"model": "asy:block/billboard/display/flutterpillar"},
{"predicate": {"custom_model_data": 6901014},"model": "asy:block/billboard/display/containment_vial"},
{"predicate": {"custom_model_data": 6901015},"model": "asy:block/billboard/display/flutterfly"},
{"predicate": {"custom_model_data":6901016},"model": "item/diamond"}]}