{"parent": "minecraft:item/generated","textures": {"layer0": "minecraft:item/gunpowder"},"overrides": [{"predicate": {"custom_model_data": 6901000},"model": "asy:block/billboard/buttons/envoyant"},
{"predicate": {"custom_model_data": 6901001},"model": "asy:block/billboard/buttons/celadon"},
{"predicate": {"custom_model_data": 6901002},"model": "asy:block/billboard/buttons/envoyant_egg"},
{"predicate": {"custom_model_data": 6901003},"model": "asy:block/billboard/buttons/iron_rich_blood"},
{"predicate": {"custom_model_data": 6901004},"model": "asy:block/billboard/buttons/fleshy_tentacle"},
{"predicate": {"custom_model_data": 6901005},"model": "asy:block/billboard/buttons/bloater_skin"},
{"predicate": {"custom_model_data": 6901006},"model": "asy:block/billboard/buttons/flesh_whip"},
{"predicate": {"custom_model_data": 6901007},"model": "asy:block/billboard/buttons/glass_visor"},
{"predicate": {"custom_model_data": 6901008},"model": "asy:block/billboard/buttons/scraper"},
{"predicate": {"custom_model_data": 6901009},"model": "asy:block/billboard/buttons/bloater"},
{"predicate": {"custom_model_data": 6901010},"model": "asy:block/billboard/buttons/root"},
{"predicate": {"custom_model_data": 6901011},"model": "asy:block/billboard/buttons/iris"},
{"predicate": {"custom_model_data": 6901012},"model": "asy:block/billboard/buttons/symbiotic_glass"},
{"predicate": {"custom_model_data": 6901013},"model": "asy:block/billboard/buttons/flutterpillar"},
{"predicate": {"custom_model_data": 6901014},"model": "asy:block/billboard/buttons/containment_vial"},
{"predicate": {"custom_model_data": 6901015},"model": "asy:block/billboard/buttons/flutterfly"},
{"predicate": {"custom_model_data":6901016},"model": "item/diamond"}]}