{
    "parent": "minecraft:item/generated",
    "textures": {
      "layer0": "minecraft:item/netherite_ingot"
    },
    "overrides": [
      {
        "predicate": {
          "custom_model_data": 6901000
        },
        "model": "asy:item/scraper_helmets/netherite_1"
      },
      {
        "predicate": {
          "custom_model_data": 6901001
        },
        "model": "asy:item/scraper_helmets/netherite_2"
      },
      {
        "predicate": {
          "custom_model_data": 6901002
        },
        "model": "asy:item/scraper_helmets/netherite_3"
      }
    ]
  }
  