{
    "pools": [{
      "rolls": 1,
      "entries": [{
        "type": "minecraft:item",
        "weight": 1,
        "functions": [{
            "function": "set_nbt",
            "tag": "{CustomModelData:6901007,smithed:{id:\"asy:billboard_crafting_recipe\"}}"
          },
          {
            "function": "minecraft:set_name",
            "name": {
              "translate": "item.asy.billboard_crafting_recipe",
              "italic": false
            }
          },
          {
            "function": "minecraft:set_lore",
            "lore": [
              "",
              {
                "text":"a",
                "font":"asy:main",
                "italic":false,
                "color":"white"
              },
              "",
              "",
              "",
              {
                "translate":"text.asy.billboard_blocks.in_outline",
                "italic":false,
                "color":"white"},
                "",
              {
                "text":"b",
                "font":"asy:main",
                "italic":false,
                "color":"white"
              },
            "",
            "",
            "",
            {
              "translate":"text.asy.billboard_blocks.purple",
              "italic":false,
              "color":"white",
              "with":[{"text":"⬛","color":"light_purple"}]
            },
            {
              "translate":"text.asy.billboard_blocks.blue",
              "italic":false,
              "color":"white",
              "with":[{"text":"⬛","color":"blue"}]
            },
            {
              "translate":"text.asy.billboard_blocks.white",
              "italic":false,
              "color":"white",
              "with":[{"text":"⬛","color":"white"}]
            },
            {
              "translate":"text.asy.billboard_blocks.gray",
              "italic":false,
              "color":"white",
              "with":[{"text":"⬛","color":"gray"}]
            },
            {
              "translate":"text.asy.billboard_flip_suggestion",
              "color":"yellow",
              "italic":false,
              "with":[
                {
                  "text":"/trigger asy.billboard_flip",
                  "underlined":true
                }
              ]
            },
            {
              "translate":"text.asy.billboard_seak",
              "color":"yellow",
              "italic":false
            },
            "",
            {
              "translate": "pack.asy",
              "color": "#990E6B",
              "italic": true
            }
          ]
          }
        ],
        "name": "minecraft:recovery_compass"
      }]
    }]
  }