{
    "pools": [{
      "rolls": 1,
      "entries": [{
        "type": "minecraft:item",
        "weight": 1,
        "functions": [{
            "function": "set_nbt",
            "tag": "{CustomModelData:6901005,smithed:{id:\"asy:fleshy_tentacle\"}}"
          },
          {
            "function": "minecraft:set_name",
            "name": {
              "translate": "item.asy.fleshy_tentacle",
              "italic": false
            }
          },
          {
            "function": "minecraft:set_lore",
            "lore": [{
              "translate": "pack.asy",
              "color": "#990E6B",
              "italic": true
            }]
          }
        ],
        "name": "minecraft:recovery_compass"
      }]
    }]
  }