{
	"textures": {
		"0": "nihility:entity/void_zombie"
	},
	"elements": [
		{
			"from": [6, 0, 2],
			"to": [10, 4, 14],
			"rotation": {"angle": 0, "axis": "y", "origin": [8, 2, 8]},
			"faces": {
				"north": {"uv": [2, 8, 3, 10], "rotation": 180, "texture": "#0"},
				"east": {"uv": [0, 10, 1, 16], "rotation": 270, "texture": "#0"},
				"south": {"uv": [1, 8, 2, 10], "rotation": 180, "texture": "#0"},
				"west": {"uv": [2, 10, 3, 16], "rotation": 90, "texture": "#0"},
				"up": {"uv": [1, 10, 2, 16], "rotation": 180, "texture": "#0"},
				"down": {"uv": [3, 10, 4, 16], "texture": "#0"}
			}
		},
		{
			"from": [6, -4, 2],
			"to": [6, 0, 14],
			"rotation": {"angle": 0, "axis": "y", "origin": [8, 2, 8]},
			"faces": {
				"east": {"uv": [5, 16, 6, 10], "rotation": 90, "texture": "#0"},
				"west": {"uv": [5, 10, 6, 16], "rotation": 90, "texture": "#0"}
			}
		},
		{
			"from": [10, -4, 2],
			"to": [10, 0, 14],
			"rotation": {"angle": 0, "axis": "y", "origin": [8, 2, 8]},
			"faces": {
				"east": {"uv": [4, 10, 5, 16], "rotation": 90, "texture": "#0"},
				"west": {"uv": [4, 16, 5, 10], "rotation": 90, "texture": "#0"}
			}
		}
	],
	"display": {
		"thirdperson_righthand": {
			"translation": [0, 4.005, 6],
			"scale": [1.001, 1.001, 1.001]
		}
	}
}