{
	"credit": "Made with Blockbench",
	"textures": {
		"0": "epl:entity/drained_arm",
		"particle": "epl:entity/drained_arm"
	},
	"elements": [
		{
			"from": [6, 0, 2],
			"to": [10, 4, 14],
			"rotation": {"angle": 0, "axis": "y", "origin": [8, 2, 8]},
			"faces": {
				"north": {"uv": [16, 8, 12, 12], "texture": "#0", "tintindex": 0},
				"east": {"uv": [12, 12, 0, 16], "texture": "#0", "tintindex": 0},
				"south": {"uv": [16, 4, 12, 8], "texture": "#0", "tintindex": 0},
				"west": {"uv": [12, 0, 0, 4], "texture": "#0", "tintindex": 0},
				"up": {"uv": [12, 4, 0, 8], "rotation": 90, "texture": "#0", "tintindex": 0},
				"down": {"uv": [12, 8, 0, 12], "rotation": 90, "texture": "#0", "tintindex": 0}
			}
		}
	],
	"display": {
		"thirdperson_righthand": {
			"translation": [0, 4.78, 5.98],
			"scale": [1.13, 1.13, 1.05]
		},
		"thirdperson_lefthand": {
			"translation": [0, 4.78, 5.98],
			"scale": [1.13, 1.13, 1.05]
		}
	}
}