{
	"credit": "Made with Blockbench",
	"textures": {
		"0": "epl:entity/drained_head",
		"particle": "epl:entity/drained_head"
	},
	"elements": [
		{
			"from": [4, 4, 4],
			"to": [12, 12, 12],
			"rotation": {"angle": 0, "axis": "y", "origin": [8, 8, 8]},
			"faces": {
				"north": {"uv": [0, 0, 5.33334, 5.33333], "texture": "#0", "tintindex": 0},
				"east": {"uv": [5.33333, 0, 10.66667, 5.33333], "texture": "#0", "tintindex": 0},
				"south": {"uv": [10.66666, 0, 16, 5.33333], "texture": "#0", "tintindex": 0},
				"west": {"uv": [0, 5.33333, 5.33334, 10.66667], "texture": "#0", "tintindex": 0},
				"up": {"uv": [5.33333, 5.33333, 10.66667, 10.66667], "texture": "#0", "tintindex": 0},
				"down": {"uv": [10.66666, 5.33333, 16, 10.66667], "texture": "#0", "tintindex": 0}
			}
		}
	],
	"display": {
		"head": {
			"scale": [1.72, 1.72, 1.72]
		}
	}
}