{
	"credit": "Made with Blockbench",
	"textures": {
		"0": "nihility:entity/rupture_missionary/hurt"
	},
	"elements": [
		{
			"from": [3.5, -2.6, 4.5],
			"to": [12.5, 18.4, 11.5],
			"faces": {
				"north": {"uv": [1.5, 11, 3.5, 16], "texture": "#0"},
				"east": {"uv": [0, 11, 1.5, 16], "texture": "#0"},
				"south": {"uv": [5, 11, 7, 16], "texture": "#0"},
				"west": {"uv": [3.5, 11, 5, 16], "texture": "#0"},
				"up": {"uv": [3.5, 11, 1.5, 9.5], "texture": "#0"}
			}
		},
		{
			"from": [3.6, 18.4, 4.6],
			"to": [12.4, -2.6, 11.4],
			"faces": {
				"north": {"uv": [3.5, 11, 1.5, 16], "rotation": 180, "texture": "#0"},
				"east": {"uv": [1.5, 11, 0, 16], "rotation": 180, "texture": "#0"},
				"south": {"uv": [7, 11, 5, 16], "rotation": 180, "texture": "#0"},
				"west": {"uv": [5, 11, 3.5, 16], "rotation": 180, "texture": "#0"},
				"down": {"uv": [3.5, 11, 1.5, 9.5], "rotation": 180, "texture": "#0"}
			}
		},
		{
			"from": [11.88, 7.87, 4.663],
			"to": [16.12, 16.11, 8.903],
			"rotation": {"angle": 45, "axis": "x", "origin": [14, 14, 8]},
			"faces": {
				"north": {"uv": [12, 6.5, 13, 8.5], "texture": "#0"},
				"east": {"uv": [11, 6.5, 12, 8.5], "texture": "#0"},
				"south": {"uv": [14, 6.5, 15, 8.5], "texture": "#0"},
				"west": {"uv": [13, 6.5, 14, 8.5], "texture": "#0"},
				"up": {"uv": [12, 5.5, 13, 6.5], "rotation": 180, "texture": "#0"},
				"down": {"uv": [13, 5.5, 14, 6.5], "texture": "#0"}
			}
		},
		{
			"from": [-0.12, 7.87, 4.663],
			"to": [4.12, 16.11, 8.903],
			"rotation": {"angle": 45, "axis": "x", "origin": [14, 14, 8]},
			"faces": {
				"north": {"uv": [13, 6.5, 12, 8.5], "texture": "#0"},
				"east": {"uv": [14, 6.5, 13, 8.5], "texture": "#0"},
				"south": {"uv": [15, 6.5, 14, 8.5], "texture": "#0"},
				"west": {"uv": [12, 6.5, 11, 8.5], "texture": "#0"},
				"up": {"uv": [12, 6.5, 13, 5.5], "texture": "#0"},
				"down": {"uv": [14, 5.5, 13, 6.5], "texture": "#0"}
			}
		},
		{
			"from": [4.12, 7.87, 4.663],
			"to": [11.88, 11.99, 8.903],
			"rotation": {"angle": 45, "axis": "x", "origin": [14, 14, 8]},
			"faces": {
				"north": {"uv": [11, 10.5, 13, 11.5], "texture": "#0"},
				"east": {"uv": [11, 10.5, 10, 11.5], "texture": "#0"},
				"south": {"uv": [14, 10.5, 16, 11.5], "texture": "#0"},
				"west": {"uv": [13, 10.5, 14, 11.5], "texture": "#0"},
				"up": {"uv": [13, 10.5, 11, 9.5], "texture": "#0"},
				"down": {"uv": [15, 9.5, 13, 10.5], "texture": "#0"}
			}
		}
	],
	"display": {
		"ground": {
			"rotation": [0, -180, 0],
			"translation": [0, -3.5, -6.4],
			"scale": [1.01, 1.01, 1.01]
		}
	}
}