{
  "criteria":{
    "target":{
      "trigger":"minecraft:player_interacted_with_entity",
      "conditions":{
        "entity":{
          "type":"#epl:villagers"
        }
      
    }
  },
  "bit0":{
    "trigger":"minecraft:player_interacted_with_entity",
    "conditions":{
      "entity":{
        "nbt":"{Tags:[\"epl.entitymatch.bit0\"]}"
      }
    }
  },
  "bit1":{
    "trigger":"minecraft:player_interacted_with_entity",
    "conditions":{
      "entity":{
        "nbt":"{Tags:[\"epl.entitymatch.bit1\"]}"
      }
    }
  },
  "bit2":{
    "trigger":"minecraft:player_interacted_with_entity",
    "conditions":{
      "entity":{
        "nbt":"{Tags:[\"epl.entitymatch.bit2\"]}"
      }
    }
  },
  "bit3":{
    "trigger":"minecraft:player_interacted_with_entity",
    "conditions":{
      "entity":{
        "nbt":"{Tags:[\"epl.entitymatch.bit3\"]}"
      }
    }
  },
  "bit4":{
    "trigger":"minecraft:player_interacted_with_entity",
    "conditions":{
      "entity":{
        "nbt":"{Tags:[\"epl.entitymatch.bit4\"]}"
      }
    }
  },
  "bit5":{
    "trigger":"minecraft:player_interacted_with_entity",
    "conditions":{
      "entity":{
        "nbt":"{Tags:[\"epl.entitymatch.bit5\"]}"
      }
    }
  },
  "bit6":{
    "trigger":"minecraft:player_interacted_with_entity",
    "conditions":{
      "entity":{
        "nbt":"{Tags:[\"epl.entitymatch.bit6\"]}"
      }
    }
  },
  "bit7":{
    "trigger":"minecraft:player_interacted_with_entity",
    "conditions":{
      "entity":{
        "nbt":"{Tags:[\"epl.entitymatch.bit7\"]}"
      }
    }
  },
  "bit8":{
    "trigger":"minecraft:player_interacted_with_entity",
    "conditions":{
      "entity":{
        "nbt":"{Tags:[\"epl.entitymatch.bit8\"]}"
      }
    }
  },
  "bit9":{
    "trigger":"minecraft:player_interacted_with_entity",
    "conditions":{
      "entity":{
        "nbt":"{Tags:[\"epl.entitymatch.bit9\"]}"
      }
    }
  },
  "bit10":{
    "trigger":"minecraft:player_interacted_with_entity",
    "conditions":{
      "entity":{
        "nbt":"{Tags:[\"epl.entitymatch.bit10\"]}"
      }
    }
  },
  "bit11":{
    "trigger":"minecraft:player_interacted_with_entity",
    "conditions":{
      "entity":{
        "nbt":"{Tags:[\"epl.entitymatch.bit11\"]}"
      }
    }
  },
  "bit12":{
    "trigger":"minecraft:player_interacted_with_entity",
    "conditions":{
      "entity":{
        "nbt":"{Tags:[\"epl.entitymatch.bit12\"]}"
      }
    }
  },
  "bit13":{
    "trigger":"minecraft:player_interacted_with_entity",
    "conditions":{
      "entity":{
        "nbt":"{Tags:[\"epl.entitymatch.bit13\"]}"
      }
    }
  },
  "bit14":{
    "trigger":"minecraft:player_interacted_with_entity",
    "conditions":{
      "entity":{
        "nbt":"{Tags:[\"epl.entitymatch.bit14\"]}"
      }
    }
  },
  "bit15":{
    "trigger":"minecraft:player_interacted_with_entity",
    "conditions":{
      "entity":{
        "nbt":"{Tags:[\"epl.entitymatch.bit15\"]}"
      }
    }
  },
  "bit16":{
    "trigger":"minecraft:player_interacted_with_entity",
    "conditions":{
      "entity":{
        "nbt":"{Tags:[\"epl.entitymatch.bit16\"]}"
      }
    }
  },
  "bit17":{
    "trigger":"minecraft:player_interacted_with_entity",
    "conditions":{
      "entity":{
        "nbt":"{Tags:[\"epl.entitymatch.bit17\"]}"
      }
    }
  },
  "bit18":{
    "trigger":"minecraft:player_interacted_with_entity",
    "conditions":{
      "entity":{
        "nbt":"{Tags:[\"epl.entitymatch.bit18\"]}"
      }
    }
  },
  "bit19":{
    "trigger":"minecraft:player_interacted_with_entity",
    "conditions":{
      "entity":{
        "nbt":"{Tags:[\"epl.entitymatch.bit19\"]}"
      }
    }
  },
  "bit20":{
    "trigger":"minecraft:player_interacted_with_entity",
    "conditions":{
      "entity":{
        "nbt":"{Tags:[\"epl.entitymatch.bit20\"]}"
      }
    }
  },
  "bit21":{
    "trigger":"minecraft:player_interacted_with_entity",
    "conditions":{
      "entity":{
        "nbt":"{Tags:[\"epl.entitymatch.bit21\"]}"
      }
    }
  },
  "bit22":{
    "trigger":"minecraft:player_interacted_with_entity",
    "conditions":{
      "entity":{
        "nbt":"{Tags:[\"epl.entitymatch.bit22\"]}"
      }
    }
  },
  "bit23":{
    "trigger":"minecraft:player_interacted_with_entity",
    "conditions":{
      "entity":{
        "nbt":"{Tags:[\"epl.entitymatch.bit23\"]}"
      }
    }
  },
  "bit24":{
    "trigger":"minecraft:player_interacted_with_entity",
    "conditions":{
      "entity":{
        "nbt":"{Tags:[\"epl.entitymatch.bit24\"]}"
      }
    }
  },
  "bit25":{
    "trigger":"minecraft:player_interacted_with_entity",
    "conditions":{
      "entity":{
        "nbt":"{Tags:[\"epl.entitymatch.bit25\"]}"
      }
    }
  },
  "bit26":{
    "trigger":"minecraft:player_interacted_with_entity",
    "conditions":{
      "entity":{
        "nbt":"{Tags:[\"epl.entitymatch.bit26\"]}"
      }
    }
  },
  "bit27":{
    "trigger":"minecraft:player_interacted_with_entity",
    "conditions":{
      "entity":{
        "nbt":"{Tags:[\"epl.entitymatch.bit27\"]}"
      }
    }
  },
  "bit28":{
    "trigger":"minecraft:player_interacted_with_entity",
    "conditions":{
      "entity":{
        "nbt":"{Tags:[\"epl.entitymatch.bit28\"]}"
      }
    }
  },
  "bit29":{
    "trigger":"minecraft:player_interacted_with_entity",
    "conditions":{
      "entity":{
        "nbt":"{Tags:[\"epl.entitymatch.bit29\"]}"
      }
    }
  },
  "bit30":{
    "trigger":"minecraft:player_interacted_with_entity",
    "conditions":{
      "entity":{
        "nbt":"{Tags:[\"epl.entitymatch.bit30\"]}"
      }
    }
  },
  "bit31":{
    "trigger":"minecraft:player_interacted_with_entity",
    "conditions":{
      "entity":{
        "nbt":"{Tags:[\"epl.entitymatch.bit31\"]}"
      }
    }
  },
  "nbit0":{
    "trigger":"minecraft:player_interacted_with_entity",
    "conditions":{
      "entity":{
        "nbt":"{Tags:[\"epl.entitymatch.nbit0\"]}"
      }
    }
  },
  "nbit1":{
    "trigger":"minecraft:player_interacted_with_entity",
    "conditions":{
      "entity":{
        "nbt":"{Tags:[\"epl.entitymatch.nbit1\"]}"
      }
    }
  },
  "nbit2":{
    "trigger":"minecraft:player_interacted_with_entity",
    "conditions":{
      "entity":{
        "nbt":"{Tags:[\"epl.entitymatch.nbit2\"]}"
      }
    }
  },
  "nbit3":{
    "trigger":"minecraft:player_interacted_with_entity",
    "conditions":{
      "entity":{
        "nbt":"{Tags:[\"epl.entitymatch.nbit3\"]}"
      }
    }
  },
  "nbit4":{
    "trigger":"minecraft:player_interacted_with_entity",
    "conditions":{
      "entity":{
        "nbt":"{Tags:[\"epl.entitymatch.nbit4\"]}"
      }
    }
  },
  "nbit5":{
    "trigger":"minecraft:player_interacted_with_entity",
    "conditions":{
      "entity":{
        "nbt":"{Tags:[\"epl.entitymatch.nbit5\"]}"
      }
    }
  },
  "nbit6":{
    "trigger":"minecraft:player_interacted_with_entity",
    "conditions":{
      "entity":{
        "nbt":"{Tags:[\"epl.entitymatch.nbit6\"]}"
      }
    }
  },
  "nbit7":{
    "trigger":"minecraft:player_interacted_with_entity",
    "conditions":{
      "entity":{
        "nbt":"{Tags:[\"epl.entitymatch.nbit7\"]}"
      }
    }
  },
  "nbit8":{
    "trigger":"minecraft:player_interacted_with_entity",
    "conditions":{
      "entity":{
        "nbt":"{Tags:[\"epl.entitymatch.nbit8\"]}"
      }
    }
  },
  "nbit9":{
    "trigger":"minecraft:player_interacted_with_entity",
    "conditions":{
      "entity":{
        "nbt":"{Tags:[\"epl.entitymatch.nbit9\"]}"
      }
    }
  },
  "nbit10":{
    "trigger":"minecraft:player_interacted_with_entity",
    "conditions":{
      "entity":{
        "nbt":"{Tags:[\"epl.entitymatch.nbit10\"]}"
      }
    }
  },
  "nbit11":{
    "trigger":"minecraft:player_interacted_with_entity",
    "conditions":{
      "entity":{
        "nbt":"{Tags:[\"epl.entitymatch.nbit11\"]}"
      }
    }
  },
  "nbit12":{
    "trigger":"minecraft:player_interacted_with_entity",
    "conditions":{
      "entity":{
        "nbt":"{Tags:[\"epl.entitymatch.nbit12\"]}"
      }
    }
  },
  "nbit13":{
    "trigger":"minecraft:player_interacted_with_entity",
    "conditions":{
      "entity":{
        "nbt":"{Tags:[\"epl.entitymatch.nbit13\"]}"
      }
    }
  },
  "nbit14":{
    "trigger":"minecraft:player_interacted_with_entity",
    "conditions":{
      "entity":{
        "nbt":"{Tags:[\"epl.entitymatch.nbit14\"]}"
      }
    }
  },
  "nbit15":{
    "trigger":"minecraft:player_interacted_with_entity",
    "conditions":{
      "entity":{
        "nbt":"{Tags:[\"epl.entitymatch.nbit15\"]}"
      }
    }
  },
  "nbit16":{
    "trigger":"minecraft:player_interacted_with_entity",
    "conditions":{
      "entity":{
        "nbt":"{Tags:[\"epl.entitymatch.nbit16\"]}"
      }
    }
  },
  "nbit17":{
    "trigger":"minecraft:player_interacted_with_entity",
    "conditions":{
      "entity":{
        "nbt":"{Tags:[\"epl.entitymatch.nbit17\"]}"
      }
    }
  },
  "nbit18":{
    "trigger":"minecraft:player_interacted_with_entity",
    "conditions":{
      "entity":{
        "nbt":"{Tags:[\"epl.entitymatch.nbit18\"]}"
      }
    }
  },
  "nbit19":{
    "trigger":"minecraft:player_interacted_with_entity",
    "conditions":{
      "entity":{
        "nbt":"{Tags:[\"epl.entitymatch.nbit19\"]}"
      }
    }
  },
  "nbit20":{
    "trigger":"minecraft:player_interacted_with_entity",
    "conditions":{
      "entity":{
        "nbt":"{Tags:[\"epl.entitymatch.nbit20\"]}"
      }
    }
  },
  "nbit21":{
    "trigger":"minecraft:player_interacted_with_entity",
    "conditions":{
      "entity":{
        "nbt":"{Tags:[\"epl.entitymatch.nbit21\"]}"
      }
    }
  },
  "nbit22":{
    "trigger":"minecraft:player_interacted_with_entity",
    "conditions":{
      "entity":{
        "nbt":"{Tags:[\"epl.entitymatch.nbit22\"]}"
      }
    }
  },
  "nbit23":{
    "trigger":"minecraft:player_interacted_with_entity",
    "conditions":{
      "entity":{
        "nbt":"{Tags:[\"epl.entitymatch.nbit23\"]}"
      }
    }
  },
  "nbit24":{
    "trigger":"minecraft:player_interacted_with_entity",
    "conditions":{
      "entity":{
        "nbt":"{Tags:[\"epl.entitymatch.nbit24\"]}"
      }
    }
  },
  "nbit25":{
    "trigger":"minecraft:player_interacted_with_entity",
    "conditions":{
      "entity":{
        "nbt":"{Tags:[\"epl.entitymatch.nbit25\"]}"
      }
    }
  },
  "nbit26":{
    "trigger":"minecraft:player_interacted_with_entity",
    "conditions":{
      "entity":{
        "nbt":"{Tags:[\"epl.entitymatch.nbit26\"]}"
      }
    }
  },
  "nbit27":{
    "trigger":"minecraft:player_interacted_with_entity",
    "conditions":{
      "entity":{
        "nbt":"{Tags:[\"epl.entitymatch.nbit27\"]}"
      }
    }
  },
  "nbit28":{
    "trigger":"minecraft:player_interacted_with_entity",
    "conditions":{
      "entity":{
        "nbt":"{Tags:[\"epl.entitymatch.nbit28\"]}"
      }
    }
  },
  "nbit29":{
    "trigger":"minecraft:player_interacted_with_entity",
    "conditions":{
      "entity":{
        "nbt":"{Tags:[\"epl.entitymatch.nbit29\"]}"
      }
    }
  },
  "nbit30":{
    "trigger":"minecraft:player_interacted_with_entity",
    "conditions":{
      "entity":{
        "nbt":"{Tags:[\"epl.entitymatch.nbit30\"]}"
      }
    }
  },
  "nbit31":{
    "trigger":"minecraft:player_interacted_with_entity",
    "conditions":{
      "entity":{
        "nbt":"{Tags:[\"epl.entitymatch.nbit31\"]}"
      }
  }}
  },
  "requirements":[
    [
      "target"
    ],
    [
      "bit0",
      "nbit0"
    ],
    [
      "bit1",
      "nbit1"
    ],
    [
      "bit2",
      "nbit2"
    ],
    [
      "bit3",
      "nbit3"
    ],
    [
      "bit4",
      "nbit4"
    ],
    [
      "bit5",
      "nbit5"
    ],
    [
      "bit6",
      "nbit6"
    ],
    [
      "bit7",
      "nbit7"
    ],
    [
      "bit8",
      "nbit8"
    ],
    [
      "bit9",
      "nbit9"
    ],
    [
      "bit10",
      "nbit10"
    ],
    [
      "bit11",
      "nbit11"
    ],
    [
      "bit12",
      "nbit12"
    ],
    [
      "bit13",
      "nbit13"
    ],
    [
      "bit14",
      "nbit14"
    ],
    [
      "bit15",
      "nbit15"
    ],
    [
      "bit16",
      "nbit16"
    ],
    [
      "bit17",
      "nbit17"
    ],
    [
      "bit18",
      "nbit18"
    ],
    [
      "bit19",
      "nbit19"
    ],
    [
      "bit20",
      "nbit20"
    ],
    [
      "bit21",
      "nbit21"
    ],
    [
      "bit22",
      "nbit22"
    ],
    [
      "bit23",
      "nbit23"
    ],
    [
      "bit24",
      "nbit24"
    ],
    [
      "bit25",
      "nbit25"
    ],
    [
      "bit26",
      "nbit26"
    ],
    [
      "bit27",
      "nbit27"
    ],
    [
      "bit28",
      "nbit28"
    ],
    [
      "bit29",
      "nbit29"
    ],
    [
      "bit30",
      "nbit30"
    ],
    [
      "bit31",
      "nbit31"
    ]
  ],
  "rewards":{
    "function":"epl:player/trade/init"
  }
}