{
    "pools": [
      {
        "rolls": 1,
        "entries": [
          {
            "type": "minecraft:item",
            "name": "minecraft:potion",
            "functions": [
              {
                "function": "minecraft:set_nbt",
                "tag": "{CustomPotionColor:16777215,Unbreakable:1b,HideFlags:127,RepairCost:100,display:{Name:'{\"italic\":false,\"translate\":\"item.epl.experience_vial\",\"color\":\"white\"}',Lore:['{\"translate\": \"pack.epl\",\"color\":\"#93FFDB\",\"italic\":false}']},epl:{id:\"experience_vial\"},CustomModelData:6901000}"
              }
            ]
          }
        ]
      }
    ]
  }
  