{
  "pools": [
    {
      "rolls": 1,
      "entries": [
        {
          "type": "minecraft:item",
          "name": "minecraft:chain_command_block",
          "functions": [
            {
              "function": "minecraft:set_attributes",
              "modifiers": [
                {
                  "attribute": "minecraft:generic.luck",
                  "name": "",
                  "amount": 0,
                  "operation": "addition",
                  "slot": "mainhand"
                }
              ]
            },
            {
              "function": "minecraft:set_nbt",
              "tag": "{BlockEntityTag:{Command:\"epl:item\"},HideFlags:2,display:{Name:'{\"italic\":false,\"translate\":\"item.epl.shadowblight_bucket\",\"color\":\"white\"}',Lore:['{\"translate\": \"pack.epl\",\"color\": \"#9728FF\"}']},smithed:{id:\"epl:shadowblight_bucket\"},CustomModelData:6901006}"
            }
          ]
        }
      ]
    }
  ]
}
