{
  "pools": [
    {
      "rolls": 1,
      "entries": [
        {
          "type": "minecraft:item",
          "name": "minecraft:chain_command_block",
          "functions": [
            {
              "function": "minecraft:set_nbt",
              "tag": "{BlockEntityTag:{Command:\"epl:item\"},display:{Name:'{\"italic\":false,\"translate\":\"item.epl.witherling_shell\",\"color\":\"white\"}',Lore:['{\"translate\": \"pack.epl\",\"color\": \"#93FFDB\",\"italic\":false}']},epl:{id:\"witherling_shell\"},CustomModelData:6901008}"
            }
          ]
        }
      ]
    }
  ]
}
