{
    "pools": [
      {
        "rolls": 1,
        "entries": [
          {
            "type": "minecraft:item",
            "name": "minecraft:chain_command_block",
            "functions": [
              {
                "function": "minecraft:copy_nbt",
                "source": {
                  "type": "minecraft:storage",
                  "source": "epl:storage"
                },
                "ops": [
                  {
                    "source": "root.temp.item.tag",
                    "target": "{}",
                    "op": "merge"
                  }
                ]
              }
            ]
          }
        ]
      }
    ]
  }
  