{
  "pools": [
    {
      "rolls": 1,
      "entries": [
        {
          "type": "minecraft:item",
          "name": "minecraft:shulker_box",
          "functions": [
            {
              "function": "minecraft:set_name",
              "entity": "this",
              "name": {
                "text": ""
              }
            },
            {
              "function": "minecraft:copy_nbt",
              "source": {
                "type": "minecraft:storage",
                "source": "epl:storage"
              },
              "ops": [
                {
                  "source": "root.temp.item.tag",
                  "target": "{}",
                  "op": "merge"
                }
              ]
            }
          ]
        }
      ]
    }
  ]
}
