{
	"credit": "Made with Blockbench",
	"texture_size": [64, 64],
	"textures": {
		"0": "asy:entity/flutterpillar/body",
		"particle": "asy:entity/flutterpillar/body"
	},
	"elements": [
		{
			"from": [4, 9, 4],
			"to": [12, 17, 12],
			"faces": {
				"north": {"uv": [0, 0, 2, 2], "texture": "#0", "tintindex": 0},
				"east": {"uv": [0, 2, 2, 4], "texture": "#0", "tintindex": 0},
				"south": {"uv": [2, 0, 4, 2], "texture": "#0", "tintindex": 0},
				"west": {"uv": [2, 2, 4, 4], "texture": "#0", "tintindex": 0},
				"up": {"uv": [2, 6, 0, 4], "texture": "#0", "tintindex": 0},
				"down": {"uv": [16, 16, 16, 15.75], "texture": "#0", "tintindex": 0}
			}
		},
		{
			"from": [4, 16, 4],
			"to": [12, 16, 12],
			"faces": {
				"north": {"uv": [0, 0, 2, 0], "texture": "#0"},
				"down": {"uv": [12, 2, 16, 6], "texture": "#0", "tintindex": 0}
			}
		},
		{
			"from": [12, 10, 10],
			"to": [20, 19, 10],
			"rotation": {"angle": 0, "axis": "y", "origin": [12, 2, 5]},
			"faces": {
				"north": {"uv": [14, 0, 16, 2], "texture": "#0", "tintindex": 0},
				"east": {"uv": [0, 0, 0, 2.25], "texture": "#missing", "tintindex": 0},
				"south": {"uv": [16, 0, 14, 2], "texture": "#0", "tintindex": 0},
				"west": {"uv": [0, 0, 0, 2.25], "texture": "#missing", "tintindex": 0},
				"up": {"uv": [0, 0, 2, 0], "texture": "#missing", "tintindex": 0},
				"down": {"uv": [0, 0, 2, 0], "texture": "#missing", "tintindex": 0}
			}
		},
		{
			"from": [-4, 10, 10],
			"to": [4, 19, 10],
			"rotation": {"angle": 0, "axis": "y", "origin": [4, 2, 5]},
			"faces": {
				"north": {"uv": [16, 0, 14, 2], "texture": "#0", "tintindex": 0},
				"east": {"uv": [0, 0, 0, 2.25], "texture": "#missing", "tintindex": 0},
				"south": {"uv": [14, 0, 16, 2], "texture": "#0", "tintindex": 0},
				"west": {"uv": [0, 0, 0, 2.25], "texture": "#missing", "tintindex": 0},
				"up": {"uv": [0, 0, 2, 0], "texture": "#missing", "tintindex": 0},
				"down": {"uv": [0, 0, 2, 0], "texture": "#missing", "tintindex": 0}
			}
		}
	],
	"gui_light": "front",
	"display": {
		"gui": {
			"rotation": [-90, 0, 0],
			"translation": [0, -0.5, 0],
			"scale": [2, 2, 2]
		},
		"head": {
			"translation": [0, -10, 0],
			"scale": [2, 2, 2]
		}
	},
	"groups": [
		{
			"name": "body",
			"origin": [4.01, 5.55796, 6.79063],
			"color": 0,
			"children": [0, 1]
		},
		{
			"name": "wing1",
			"origin": [4, 0, 6],
			"color": 0,
			"children": [2, 3]
		}
	]
}