{
	"credit": "Made with Blockbench",
	"texture_size": [64, 64],
	"textures": {
		"0": "asy:entity/flutterfly/body",
		"particle": "asy:entity/flutterfly/body"
	},
	"elements": [
		{
			"from": [4, 6, 4],
			"to": [12, 14, 13],
			"faces": {
				"north": {"uv": [0, 8, 4, 12], "texture": "#0", "tintindex": 0},
				"east": {"uv": [0, 0, 4.5, 4], "texture": "#0", "tintindex": 0},
				"south": {"uv": [8.5, 0, 12.5, 4], "texture": "#0", "tintindex": 0},
				"west": {"uv": [0, 4, 4.5, 8], "texture": "#0", "tintindex": 0},
				"up": {"uv": [8.5, 4.5, 4.5, 0], "texture": "#0", "tintindex": 0},
				"down": {"uv": [8.5, 4.5, 4.5, 9], "texture": "#0", "tintindex": 0}
			}
		},
		{
			"from": [5, 14, 6],
			"to": [6, 17, 6],
			"faces": {
				"north": {"uv": [12, 6.5, 12.5, 8], "texture": "#0", "tintindex": 0},
				"east": {"uv": [0, 0, 0, 1.5], "texture": "#0", "tintindex": 0},
				"south": {"uv": [12, 10, 12.5, 11.5], "texture": "#0", "tintindex": 0},
				"west": {"uv": [0, 0, 0, 1.5], "texture": "#0", "tintindex": 0},
				"up": {"uv": [0.5, 0, 0, 0], "texture": "#0", "tintindex": 0},
				"down": {"uv": [0.5, 0, 0, 0], "texture": "#0", "tintindex": 0}
			}
		},
		{
			"from": [10, 14, 6],
			"to": [11, 17, 6],
			"faces": {
				"north": {"uv": [12, 11.5, 12.5, 13], "texture": "#0", "tintindex": 0},
				"east": {"uv": [0, 0, 0, 1.5], "texture": "#0", "tintindex": 0},
				"south": {"uv": [12.5, 0, 13, 1.5], "texture": "#0", "tintindex": 0},
				"west": {"uv": [0, 0, 0, 1.5], "texture": "#0", "tintindex": 0},
				"up": {"uv": [0.5, 0, 0, 0], "texture": "#0", "tintindex": 0},
				"down": {"uv": [0.5, 0, 0, 0], "texture": "#0", "tintindex": 0}
			}
		},
		{
			"from": [4, 17, 6],
			"to": [6, 19, 6],
			"rotation": {"angle": 0, "axis": "y", "origin": [0, -1, 0]},
			"faces": {
				"north": {"uv": [6.5, 9, 7.5, 10], "texture": "#0", "tintindex": 0},
				"east": {"uv": [0, 0, 0, 1], "texture": "#0", "tintindex": 0},
				"south": {"uv": [7.5, 9, 8.5, 10], "texture": "#0", "tintindex": 0},
				"west": {"uv": [0, 0, 0, 1], "texture": "#0", "tintindex": 0},
				"up": {"uv": [1, 0, 0, 0], "texture": "#0", "tintindex": 0},
				"down": {"uv": [1, 0, 0, 0], "texture": "#0", "tintindex": 0}
			}
		},
		{
			"from": [10, 17, 6],
			"to": [12, 19, 6],
			"rotation": {"angle": 0, "axis": "y", "origin": [0, -1, 0]},
			"faces": {
				"north": {"uv": [11.5, 9, 12.5, 10], "texture": "#0", "tintindex": 0},
				"east": {"uv": [0, 0, 0, 1], "texture": "#0", "tintindex": 0},
				"south": {"uv": [5.5, 12, 6.5, 13], "texture": "#0", "tintindex": 0},
				"west": {"uv": [0, 0, 0, 1], "texture": "#0", "tintindex": 0},
				"up": {"uv": [1, 0, 0, 0], "texture": "#0", "tintindex": 0},
				"down": {"uv": [1, 0, 0, 0], "texture": "#0", "tintindex": 0}
			}
		},
		{
			"from": [5, 7, 13],
			"to": [11, 13, 18],
			"rotation": {"angle": 0, "axis": "y", "origin": [0, 0, 1]},
			"faces": {
				"north": {"uv": [8.5, 4, 11.5, 7], "texture": "#0", "tintindex": 0},
				"east": {"uv": [4, 9, 6.5, 12], "texture": "#0", "tintindex": 0},
				"south": {"uv": [8.5, 7, 11.5, 10], "texture": "#0", "tintindex": 0},
				"west": {"uv": [6.5, 10, 9, 13], "texture": "#0", "tintindex": 0},
				"up": {"uv": [12, 12.5, 9, 10], "texture": "#0", "tintindex": 0},
				"down": {"uv": [14.5, 4, 11.5, 6.5], "texture": "#0", "tintindex": 0}
			}
		}
	],
	"gui_light": "front",
	"display": {
		"gui": {
			"rotation": [0, 180, 0],
			"translation": [0, -4, 0],
			"scale": [1.66, 1.66, 1.66]
		},
		"head": {
			"translation": [0, -3.5, 0],
			"scale": [1.75, 1.75, 1.75]
		}
	},
	"groups": [
		{
			"name": "body",
			"origin": [4.01, 5.55796, 6.79063],
			"color": 0,
			"children": []
		},
		{
			"name": "wing1",
			"origin": [4, 0, 6],
			"color": 0,
			"children": []
		},
		{
			"name": "body",
			"origin": [4.01, 5.55796, 6.79063],
			"color": 0,
			"children": [0, 1, 2, 3, 4, 5]
		},
		{
			"name": "w1",
			"origin": [8, 8, 8],
			"color": 0,
			"children": []
		}
	]
}