{
	"credit": "Made with Blockbench",
	"texture_size": [32, 32],
	"textures": {
		"0": "asy:item/glass_visor",
		"particle": "asy:item/glass_visor"
	},
	"elements": [
		{
			"from": [3.5, -6, 3.5],
			"to": [12.5, 3, 3.5],
			"shade": false,
			"faces": {
				"north": {"uv": [4.5, 0, 9, 4.5], "texture": "#0"},
				"east": {"uv": [0, 0, 0, 4.5], "texture": "#0"},
				"south": {"uv": [9, 0, 4.5, 4.5], "texture": "#0"},
				"west": {"uv": [0, 0, 0, 4.5], "texture": "#0"}
			}
		},
		{
			"from": [3.5, 3, 3.5],
			"to": [12.5, 3, 12.5],
			"shade": false,
			"rotation": {"angle": 0, "axis": "x", "origin": [-0.5, 0, 0.5]},
			"faces": {
				"east": {"uv": [0, 0, 4.5, 0], "texture": "#0"},
				"west": {"uv": [0, 0, 4.5, 0], "texture": "#0"},
				"up": {"uv": [9, 13.5, 4.5, 9], "texture": "#0"},
				"down": {"uv": [4.5, 13.5, 9, 9], "texture": "#0"}
			}
		},
		{
			"from": [3.5, -2, 12.5],
			"to": [12.5, 3, 12.5],
			"shade": false,
			"faces": {
				"north": {"uv": [9, 11.5, 13.5, 14], "texture": "#0"},
				"east": {"uv": [0, 0, 0, 2.5], "texture": "#0"},
				"south": {"uv": [9, 11.5, 13.5, 14], "texture": "#0"},
				"west": {"uv": [0, 0, 0, 2.5], "texture": "#0"}
			}
		},
		{
			"from": [3.5, -6, 3.5],
			"to": [3.5, 3, 12.5],
			"shade": false,
			"faces": {
				"north": {"uv": [0, 0, 0, 4.5], "texture": "#0"},
				"east": {"uv": [4.5, 4.5, 0, 9], "texture": "#0"},
				"south": {"uv": [0, 0, 0, 4.5], "texture": "#0"},
				"west": {"uv": [0, 4.5, 4.5, 9], "texture": "#0"}
			}
		},
		{
			"from": [12.5, -6, 3.5],
			"to": [12.5, 3, 12.5],
			"shade": false,
			"faces": {
				"north": {"uv": [0, 0, 0, 4.5], "texture": "#0"},
				"east": {"uv": [0, 9, 4.5, 13.5], "texture": "#0"},
				"south": {"uv": [0, 0, 0, 4.5], "texture": "#0"},
				"west": {"uv": [4.5, 9, 0, 13.5], "texture": "#0"}
			}
		}
	],
	"gui_light": "front",
	"display": {
		"thirdperson_righthand": {
			"rotation": [75, 225, 0],
			"translation": [0.25, 5, 5],
			"scale": [0.8, 0.8, 0.8]
		},
		"thirdperson_lefthand": {
			"rotation": [75, 225, 0],
			"translation": [0.25, 5, 5],
			"scale": [0.8, 0.8, 0.8]
		},
		"firstperson_righthand": {
			"rotation": [0, 225, 0],
			"translation": [0, 7, 0],
			"scale": [0.8, 0.8, 0.8]
		},
		"firstperson_lefthand": {
			"rotation": [0, 225, 0],
			"translation": [0, 7, 0],
			"scale": [0.8, 0.8, 0.8]
		},
		"ground": {
			"translation": [0, 7.5, 0],
			"scale": [0.7, 0.7, 0.7]
		},
		"gui": {
			"rotation": [30, 225, 0],
			"translation": [0, 7.25, 0],
			"scale": [0.95, 0.95, 0.95]
		},
		"head": {
			"translation": [0, 16, 0],
			"scale": [1.7, 1.7, 1.7]
		},
		"fixed": {
			"rotation": [0, 180, 0],
			"translation": [0, 11.25, 0],
			"scale": [1.2, 1.2, 1.2]
		}
	}
}