{
	"parent": "minecraft:item/handheld",
	"textures": {
	  "layer0": "cbs:item/bow"
	},
	"display": {
		"gui": {
			"rotation": [
			  0,
			  0,
			  0
			],
			"translation": [
			  45,
			  0,
			  0
			],
			"scale": [
			  1,
			  1,
			  1
			]
		  },
	  "ground": {
		"rotation": [
		  0,
		  0,
		  0
		],
		"translation": [
		  0,
		  0,
		  0
		],
		"scale": [
		  0,
		  0,
		  0
		]
	  },
	  "firstperson_lefthand": {
		"rotation": [
		  0,
		  0,
		  0
		],
		"translation": [
		  0,
		  10,
		  0
		],
		"scale": [
		  1,
		  1,
		  1
		]
	  },
	  "firstperson_righthand": {
		"rotation": [
		  0,
		  -90,
		  45
		],
		"translation": [
		  0,
		  10,
		  0
		],
		"scale": [
		  1,
		  1,
		  1
		]
	  },
	  "thirdperson_righthand": {
		"rotation": [
		  0,
		  -90,
		  45
		],
		"translation": [
		  0,
		  -3,
		  3
		],
		"scale": [
		  1,
		  1,
		  1
		]
	  }
	}
  }
  