{
    "parent": "item/generated",
    "textures": {
        "layer0": "item/bundle"
    },
    "overrides": [
        { "predicate": { "filled": 0.0000001 }, "model": "item/bundle_filled" },
          {
          "predicate": {
              "custom_model_data": 6906000
          },
          "model": "nihility:item/offering_basket"
      },
      {
          "predicate": {
              "custom_model_data": 6906000,"filled":0.0000001
          },
          "model": "nihility:item/offering_basket_filled"
      },
      {
      "predicate": {
          "custom_model_data": 6906001
      },
      "model": "nihility:item/phoenix_envelope_open"
  },
  {
      "predicate": {
          "custom_model_data": 6906001,"filled":0.0000001
      },
      "model": "nihility:item/phoenix_envelope_closed"
  },
  {
    "predicate": {
        "custom_model_data": 6906002
    },
    "model": "nihility:item/quiver_empty"
},
{
    "predicate": {
        "custom_model_data": 6906003
    },
    "model": "nihility:item/quiver_arrow"
}
  ]
}