{
	"credit": "Made with Blockbench",
	"parent": "item/generated",
	"textures": {
		"layer0": "epl:item/echoing_bow_pulling_1"
	},
	"display": {
		"thirdperson_righthand": {
			"rotation": [-80, 260, -40],
			"translation": [-0.25, -2, 5],
			"scale": [2, 2, 1]
		},
		"thirdperson_lefthand": {
			"rotation": [-80, 260, 50],
			"translation": [-0.25, -2, 5],
			"scale": [2, 2, 1]
		},
		"firstperson_righthand": {
			"rotation": [-80, 260, -55],
			"translation": [-0.25, 2, 2.5],
			"scale": [1.5, 1.5, 0.5]
		},
		"firstperson_lefthand": {
			"rotation": [-80, 260, 45],
			"translation": [-0.25, 2, 2.5],
			"scale": [1.5, 1.5, 0.5]
		},
		"ground": {
			"rotation": [-80, -90, -45],
			"translation": [-0.25, 2.5, 2.5],
			"scale": [1, 1, 0.5]
		},
		"gui": {
			"translation": [-1, 0.25, 0],
			"scale": [1.5, 1.5, 1.5]
		},
		"fixed": {
			"translation": [-1.5, 0.5, 0],
			"scale": [2, 2, 2]
		}
	},
	"groups": [
		{
			"name": "echoing_bow_standby",
			"origin": [8, 8, 8],
			"color": 0,
			"children": []
		}
	]
}