{
	"credit": "Made with Blockbench",
	"textures": {
		"1": "item/book"
	},
	"elements": [
		{
			"name": "book_0",
			"from": [8, 11, -12],
			"to": [11, 12, 0],
			"rotation": {"angle": 0, "axis": "y", "origin": [8, 0, 8]},
			"faces": {
				"north": {"uv": [11, 1, 8, 2], "texture": "#1"},
				"east": {"uv": [10, 1, 11, 13], "rotation": 90, "texture": "#1"},
				"south": {"uv": [8, 12, 11, 13], "texture": "#1"},
				"west": {"uv": [8, 1, 9, 13], "rotation": 270, "texture": "#1"},
				"up": {"uv": [8, 1, 11, 13], "texture": "#1"},
				"down": {"uv": [8, 13, 11, 1], "texture": "#1"}
			}
		},
		{
			"name": "book_1",
			"from": [6, 11, -11],
			"to": [8, 12, 2],
			"rotation": {"angle": 0, "axis": "y", "origin": [8, 0, 8]},
			"faces": {
				"north": {"uv": [8, 2, 6, 3], "texture": "#1"},
				"east": {"uv": [7, 2, 8, 15], "rotation": 90, "texture": "#1"},
				"south": {"uv": [6, 14, 8, 15], "texture": "#1"},
				"west": {"uv": [6, 2, 7, 15], "rotation": 270, "texture": "#1"},
				"up": {"uv": [6, 2, 8, 15], "texture": "#1"},
				"down": {"uv": [6, 15, 8, 2], "texture": "#1"}
			}
		},
		{
			"name": "book_2",
			"from": [11, 11, -11],
			"to": [12, 12, 0],
			"rotation": {"angle": 0, "axis": "y", "origin": [8, 0, 8]},
			"faces": {
				"north": {"uv": [12, 2, 11, 3], "texture": "#1"},
				"east": {"uv": [11, 2, 12, 13], "rotation": 90, "texture": "#1"},
				"south": {"uv": [11, 12, 12, 13], "texture": "#1"},
				"west": {"uv": [11, 2, 12, 13], "rotation": 270, "texture": "#1"},
				"up": {"uv": [11, 2, 12, 13], "texture": "#1"},
				"down": {"uv": [11, 13, 12, 2], "texture": "#1"}
			}
		},
		{
			"name": "book_3",
			"from": [4, 11, -10],
			"to": [6, 12, 1],
			"rotation": {"angle": 0, "axis": "y", "origin": [8, 0, 8]},
			"faces": {
				"north": {"uv": [6, 3, 4, 4], "texture": "#1"},
				"east": {"uv": [5, 3, 6, 14], "rotation": 90, "texture": "#1"},
				"south": {"uv": [4, 13, 6, 14], "texture": "#1"},
				"west": {"uv": [4, 3, 5, 14], "rotation": 270, "texture": "#1"},
				"up": {"uv": [4, 3, 6, 14], "texture": "#1"},
				"down": {"uv": [4, 14, 6, 3], "texture": "#1"}
			}
		},
		{
			"name": "book_4",
			"from": [12, 11, -10],
			"to": [13, 12, -1],
			"rotation": {"angle": 0, "axis": "y", "origin": [8, 0, 8]},
			"faces": {
				"north": {"uv": [13, 3, 12, 4], "texture": "#1"},
				"east": {"uv": [12, 3, 13, 12], "rotation": 90, "texture": "#1"},
				"south": {"uv": [12, 11, 13, 12], "texture": "#1"},
				"west": {"uv": [12, 3, 13, 12], "rotation": 270, "texture": "#1"},
				"up": {"uv": [12, 3, 13, 12], "texture": "#1"},
				"down": {"uv": [12, 12, 13, 3], "texture": "#1"}
			}
		},
		{
			"name": "book_5",
			"from": [2, 11, -9],
			"to": [4, 12, -1],
			"rotation": {"angle": 0, "axis": "y", "origin": [8, 0, 8]},
			"faces": {
				"north": {"uv": [4, 4, 2, 5], "texture": "#1"},
				"east": {"uv": [3, 4, 4, 12], "rotation": 90, "texture": "#1"},
				"south": {"uv": [2, 11, 4, 12], "texture": "#1"},
				"west": {"uv": [2, 4, 3, 12], "rotation": 270, "texture": "#1"},
				"up": {"uv": [2, 4, 4, 12], "texture": "#1"},
				"down": {"uv": [2, 12, 4, 4], "texture": "#1"}
			}
		},
		{
			"name": "book_6",
			"from": [13, 11, -9],
			"to": [14, 12, -1],
			"rotation": {"angle": 0, "axis": "y", "origin": [8, 0, 8]},
			"faces": {
				"north": {"uv": [14, 4, 13, 5], "texture": "#1"},
				"east": {"uv": [13, 4, 14, 12], "rotation": 90, "texture": "#1"},
				"south": {"uv": [13, 11, 14, 12], "texture": "#1"},
				"west": {"uv": [13, 4, 14, 12], "rotation": 270, "texture": "#1"},
				"up": {"uv": [13, 4, 14, 12], "texture": "#1"},
				"down": {"uv": [13, 12, 14, 4], "texture": "#1"}
			}
		},
		{
			"name": "book_7",
			"from": [0, 11, -8],
			"to": [2, 12, -3],
			"rotation": {"angle": 0, "axis": "y", "origin": [8, 0, 8]},
			"faces": {
				"north": {"uv": [2, 5, 0, 6], "texture": "#1"},
				"east": {"uv": [1, 5, 2, 10], "rotation": 90, "texture": "#1"},
				"south": {"uv": [0, 9, 2, 10], "texture": "#1"},
				"west": {"uv": [0, 5, 1, 10], "rotation": 270, "texture": "#1"},
				"up": {"uv": [0, 5, 2, 10], "texture": "#1"},
				"down": {"uv": [0, 10, 2, 5], "texture": "#1"}
			}
		},
		{
			"name": "book_8",
			"from": [14, 11, -8],
			"to": [15, 12, -2],
			"rotation": {"angle": 0, "axis": "y", "origin": [8, 0, 8]},
			"faces": {
				"north": {"uv": [15, 5, 14, 6], "texture": "#1"},
				"east": {"uv": [14, 5, 15, 11], "rotation": 90, "texture": "#1"},
				"south": {"uv": [14, 10, 15, 11], "texture": "#1"},
				"west": {"uv": [14, 5, 15, 11], "rotation": 270, "texture": "#1"},
				"up": {"uv": [14, 5, 15, 11], "texture": "#1"},
				"down": {"uv": [14, 11, 15, 5], "texture": "#1"}
			}
		},
		{
			"name": "book_9",
			"from": [15, 11, -7],
			"to": [16, 12, -6],
			"rotation": {"angle": 0, "axis": "y", "origin": [8, 0, 8]},
			"faces": {
				"north": {"uv": [16, 6, 15, 7], "texture": "#1"},
				"east": {"uv": [15, 6, 16, 7], "rotation": 90, "texture": "#1"},
				"south": {"uv": [15, 6, 16, 7], "texture": "#1"},
				"west": {"uv": [15, 6, 16, 7], "rotation": 270, "texture": "#1"},
				"up": {"uv": [15, 6, 16, 7], "texture": "#1"},
				"down": {"uv": [15, 7, 16, 6], "texture": "#1"}
			}
		},
		{
			"name": "book_10",
			"from": [15, 11, -4],
			"to": [16, 12, -2],
			"rotation": {"angle": 0, "axis": "y", "origin": [8, 0, 8]},
			"faces": {
				"north": {"uv": [16, 9, 15, 10], "texture": "#1"},
				"east": {"uv": [15, 9, 16, 11], "rotation": 90, "texture": "#1"},
				"south": {"uv": [15, 10, 16, 11], "texture": "#1"},
				"west": {"uv": [15, 9, 16, 11], "rotation": 270, "texture": "#1"},
				"up": {"uv": [15, 9, 16, 11], "texture": "#1"},
				"down": {"uv": [15, 11, 16, 9], "texture": "#1"}
			}
		},
		{
			"name": "book_11",
			"from": [1, 11, -3],
			"to": [2, 12, -2],
			"rotation": {"angle": 0, "axis": "y", "origin": [8, 0, 8]},
			"faces": {
				"north": {"uv": [2, 10, 1, 11], "texture": "#1"},
				"east": {"uv": [1, 10, 2, 11], "rotation": 90, "texture": "#1"},
				"south": {"uv": [1, 10, 2, 11], "texture": "#1"},
				"west": {"uv": [1, 10, 2, 11], "rotation": 270, "texture": "#1"},
				"up": {"uv": [1, 10, 2, 11], "texture": "#1"},
				"down": {"uv": [1, 11, 2, 10], "texture": "#1"}
			}
		},
		{
			"name": "book_12",
			"from": [3, 11, -1],
			"to": [4, 12, 0],
			"rotation": {"angle": 0, "axis": "y", "origin": [8, 0, 8]},
			"faces": {
				"north": {"uv": [4, 12, 3, 13], "texture": "#1"},
				"east": {"uv": [3, 12, 4, 13], "rotation": 90, "texture": "#1"},
				"south": {"uv": [3, 12, 4, 13], "texture": "#1"},
				"west": {"uv": [3, 12, 4, 13], "rotation": 270, "texture": "#1"},
				"up": {"uv": [3, 12, 4, 13], "texture": "#1"},
				"down": {"uv": [3, 13, 4, 12], "texture": "#1"}
			}
		},
		{
			"name": "book_13",
			"from": [8, 11, 0],
			"to": [10, 12, 1],
			"rotation": {"angle": 0, "axis": "y", "origin": [8, 0, 8]},
			"faces": {
				"north": {"uv": [10, 13, 8, 14], "texture": "#1"},
				"east": {"uv": [9, 13, 10, 14], "rotation": 90, "texture": "#1"},
				"south": {"uv": [8, 13, 10, 14], "texture": "#1"},
				"west": {"uv": [8, 13, 9, 14], "rotation": 270, "texture": "#1"},
				"up": {"uv": [8, 13, 10, 14], "texture": "#1"},
				"down": {"uv": [8, 14, 10, 13], "texture": "#1"}
			}
		},
		{
			"name": "book_14",
			"from": [5, 11, 1],
			"to": [6, 12, 2],
			"rotation": {"angle": 0, "axis": "y", "origin": [8, 0, 8]},
			"faces": {
				"north": {"uv": [6, 14, 5, 15], "texture": "#1"},
				"east": {"uv": [5, 14, 6, 15], "rotation": 90, "texture": "#1"},
				"south": {"uv": [5, 14, 6, 15], "texture": "#1"},
				"west": {"uv": [5, 14, 6, 15], "rotation": 270, "texture": "#1"},
				"up": {"uv": [5, 14, 6, 15], "texture": "#1"},
				"down": {"uv": [5, 15, 6, 14], "texture": "#1"}
			}
		}
	],
	"display": {
		"thirdperson_righthand": {
			"scale": [0.5, 0.5, 0.5]
		},
		"thirdperson_lefthand": {
			"scale": [0.5, 0.5, 0.5]
		},
		"firstperson_righthand": {
			"scale": [0.5, 0.5, 0.5]
		},
		"firstperson_lefthand": {
			"scale": [0.5, 0.5, 0.5]
		},
		"ground": {
			"scale": [0.5, 0.5, 0.5]
		},
		"gui": {
			"scale": [0.5, 0.5, 0.5]
		},
		"head": {
			"scale": [0.5, 0.5, 0.5]
		},
		"fixed": {
			"scale": [0.5, 0.5, 0.5]
		}
	},
	"groups": [
		{
			"name": "book",
			"origin": [8, 8, 8],
			"color": 0,
			"nbt": "{}",
			"armAnimationEnabled": false,
			"children": [0, 1, 2, 3, 4, 5, 6, 7, 8, 9, 10, 11, 12, 13, 14]
		}
	]
}