{
	"credit": "Made with Blockbench",
	"textures": {
		"layer0": "epl:entity/shadowblight_shield"
	},
	"elements": [
		{
			"from": [-6, -11, 1],
			"to": [6, 11, 2],
			"faces": {
				"north": {"uv": [3.5, 0.25, 6.5, 5.75], "texture": "#layer0"},
				"east": {"uv": [3.25, 0.25, 3.5, 5.75], "texture": "#layer0"},
				"south": {"uv": [0.25, 0.25, 3.25, 5.75], "texture": "#layer0"},
				"west": {"uv": [0, 0.25, 0.25, 5.75], "texture": "#layer0"},
				"up": {"uv": [0.25, 0, 3.25, 0.25], "texture": "#layer0"},
				"down": {"uv": [3.25, 0, 6.25, 0.25], "texture": "#layer0"}
			}
		},
		{
			"from": [-1, -3, -5],
			"to": [1, 3, 1],
			"faces": {
				"north": {"uv": [10, 1.5, 10.5, 3], "texture": "#layer0"},
				"east": {"uv": [8.5, 1.5, 10, 3], "texture": "#layer0"},
				"south": {"uv": [8, 1.5, 8.5, 3], "texture": "#layer0"},
				"west": {"uv": [6.5, 1.5, 8, 3], "texture": "#layer0"},
				"up": {"uv": [8, 0, 8.5, 1.5], "texture": "#layer0"},
				"down": {"uv": [8.5, 1.5, 9, 0], "texture": "#layer0"}
			}
		},
		{
			"from": [-4.92769, -10, 4.61012],
			"to": [1.07231, 10, 4.61012],
			"rotation": {"angle": -22.5, "axis": "y", "origin": [2.07231, 0, 1.61012]},
			"faces": {
				"north": {"uv": [2.5, 5.75, 4, 10.75], "texture": "#layer0"},
				"east": {"uv": [0, 0, 0, 16], "texture": "#layer0"},
				"south": {"uv": [1, 5.75, 2.5, 10.75], "texture": "#layer0"},
				"west": {"uv": [0, 0, 0, 16], "texture": "#layer0"},
				"up": {"uv": [0, 0, 6, 0], "texture": "#layer0"},
				"down": {"uv": [0, 0, 6, 0], "texture": "#layer0"}
			}
		},
		{
			"from": [-0.53531, -10, 3.30983],
			"to": [5.46469, 10, 3.30983],
			"rotation": {"angle": 22.5, "axis": "y", "origin": [1.46469, 0, 2.30983]},
			"faces": {
				"north": {"uv": [1, 5.75, 2.5, 10.75], "texture": "#layer0"},
				"east": {"uv": [0, 0, 0, 16], "texture": "#layer0"},
				"south": {"uv": [2.5, 5.75, 4, 10.75], "texture": "#layer0"},
				"west": {"uv": [0, 0, 0, 16], "texture": "#layer0"},
				"up": {"uv": [0, 0, 6, 0], "texture": "#layer0"},
				"down": {"uv": [0, 0, 6, 0], "texture": "#layer0"}
			}
		}
	],
	"gui_light": "front",
	"overrides": [
		{
			"predicate": {
				"blocking": 1
			},
			"model": "item/shield_blocking"
		}
	],
	"display": {
		"thirdperson_righthand": {
			"rotation": [0, 90, 0],
			"translation": [10.51, 6, -4]
		},
		"thirdperson_lefthand": {
			"rotation": [0, 90, 0],
			"translation": [10.51, 6, 12]
		},
		"firstperson_righthand": {
			"rotation": [0, 180, 5],
			"translation": [-10, 2, -10],
			"scale": [1.25, 1.25, 1.25]
		},
		"firstperson_lefthand": {
			"rotation": [0, 180, 5],
			"translation": [10, 0, -10],
			"scale": [1.25, 1.25, 1.25]
		},
		"ground": {
			"translation": [4, 4, 2],
			"scale": [0.25, 0.25, 0.25]
		},
		"gui": {
			"rotation": [15, -25, -5],
			"translation": [2, 3, 0],
			"scale": [0.65, 0.65, 0.65]
		},
		"fixed": {
			"rotation": [0, 180, 0],
			"translation": [-2, 4, -5],
			"scale": [0.5, 0.5, 0.5]
		}
	}
}