[
    {
      "condition": "minecraft:random_chance",
      "chance": 0.1
    },
    {
      "condition": "minecraft:entity_properties",
      "entity": "this",
      "predicate": {
        "equipment": {
          "mainhand": {
            "items": [
              "minecraft:water_bucket"
            ]
          }
        }
      }
    },
    {
      "condition": "minecraft:location_check",
      "predicate": {
        "position": {
          "y": {
            "min": -100,
            "max": 0
          }
        }
      }
    }
  ]
  