{"texture_size":[64,64],"textures":{"0":"asy:block/billboard/display/background","1":"asy:block/billboard/display/celadon"},"elements":[{"from":[8,-16,-16],"to":[8,32,32],"rotation":{"angle":0,"axis":"y","origin":[8,0,8]},"faces":{"west":{"uv":[0,0,16,16],"texture":"#0"}}},{"from":[8,-16,-16],"to":[8,32,32],"rotation":{"angle":0,"axis":"y","origin":[8,0,8]},"faces":{"west":{"uv":[0,0,16,16],"texture":"#1"}}}],"display":{"thirdperson_righthand":{"rotation":[75,45,0],"translation":[0,2.5,0],"scale":[0.375,0.375,0.375]},"thirdperson_lefthand":{"rotation":[75,45,0],"translation":[0,2.5,0],"scale":[0.375,0.375,0.375]},"firstperson_righthand":{"rotation":[0,45,0],"scale":[0.4,0.4,0.4]},"firstperson_lefthand":{"rotation":[0,225,0],"scale":[0.4,0.4,0.4]},"ground":{"translation":[0,3,0],"scale":[0.25,0.25,0.25]},"gui":{"rotation":[30,225,0],"scale":[0.625,0.625,0.625]},"head":{"rotation":[0,180,0],"translation":[5,-30.09,0],"scale":[1.602,1.602,1.602]},"fixed":{"scale":[0.5,0.5,0.5]}}}