{
	"credit": "Made with Blockbench",
	"texture_size": [64, 64],
	"textures": {
		"0": "nihility:entity/airship/boosters",
		"particle": "nihility:entity/airship/boosters"
	},
	"elements": [
		{
			"from": [0, 0, -2],
			"to": [16, 2, 0],
			"rotation": {"angle": 0, "axis": "y", "origin": [16, 0, 16]},
			"faces": {
				"north": {"uv": [6, 6, 10, 6.5], "texture": "#0"},
				"east": {"uv": [5.5, 8, 6, 8.5], "texture": "#0"},
				"south": {"uv": [6, 6.5, 10, 7], "texture": "#0"},
				"west": {"uv": [6, 8, 6.5, 8.5], "texture": "#0"},
				"up": {"uv": [10, 7.5, 6, 7], "texture": "#0"},
				"down": {"uv": [4, 7.5, 0, 8], "texture": "#0"}
			}
		},
		{
			"from": [0, -5, -8],
			"to": [16, 1, -2],
			"rotation": {"angle": 0, "axis": "y", "origin": [16, 0, 16]},
			"faces": {
				"north": {"uv": [0, 0, 4, 1.5], "texture": "#0"},
				"east": {"uv": [0, 6, 1.5, 7.5], "texture": "#0"},
				"south": {"uv": [0, 1.5, 4, 3], "texture": "#0"},
				"west": {"uv": [1.5, 6, 3, 7.5], "texture": "#0"},
				"up": {"uv": [4, 4.5, 0, 3], "texture": "#0"},
				"down": {"uv": [8, 0, 4, 1.5], "texture": "#0"}
			}
		},
		{
			"from": [0, -5, 18],
			"to": [16, 1, 24],
			"rotation": {"angle": 0, "axis": "y", "origin": [16, 0, 16]},
			"faces": {
				"north": {"uv": [4, 1.5, 8, 3], "texture": "#0"},
				"east": {"uv": [3, 6, 4.5, 7.5], "texture": "#0"},
				"south": {"uv": [4, 3, 8, 4.5], "texture": "#0"},
				"west": {"uv": [4.5, 6, 6, 7.5], "texture": "#0"},
				"up": {"uv": [4, 6, 0, 4.5], "texture": "#0"},
				"down": {"uv": [8, 4.5, 4, 6], "texture": "#0"}
			}
		},
		{
			"from": [0, 0, 16],
			"to": [16, 2, 18],
			"rotation": {"angle": 0, "axis": "y", "origin": [16, 0, 16]},
			"faces": {
				"north": {"uv": [4, 7.5, 8, 8], "texture": "#0"},
				"east": {"uv": [6.5, 8, 7, 8.5], "texture": "#0"},
				"south": {"uv": [0, 8, 4, 8.5], "texture": "#0"},
				"west": {"uv": [7, 8, 7.5, 8.5], "texture": "#0"},
				"up": {"uv": [12, 0.5, 8, 0], "texture": "#0"},
				"down": {"uv": [12, 0.5, 8, 1], "texture": "#0"}
			}
		},
		{
			"from": [-1, -4, 19],
			"to": [0, 0, 23],
			"faces": {
				"north": {"uv": [8, 4, 8.25, 5], "texture": "#0"},
				"east": {"uv": [8, 1, 9, 2], "texture": "#0"},
				"south": {"uv": [5, 8, 5.25, 9], "texture": "#0"},
				"west": {"uv": [8, 2, 9, 3], "texture": "#0"},
				"up": {"uv": [8.25, 6, 8, 5], "texture": "#0"},
				"down": {"uv": [5.5, 8, 5.25, 9], "texture": "#0"}
			}
		},
		{
			"from": [-1, -4, -7],
			"to": [0, 0, -3],
			"faces": {
				"north": {"uv": [7.5, 8, 7.75, 9], "texture": "#0"},
				"east": {"uv": [8, 3, 9, 4], "texture": "#0"},
				"south": {"uv": [8, 7.5, 8.25, 8.5], "texture": "#0"},
				"west": {"uv": [4, 8, 5, 9], "texture": "#0"},
				"up": {"uv": [8, 9, 7.75, 8], "texture": "#0"},
				"down": {"uv": [8.5, 4, 8.25, 5], "texture": "#0"}
			}
		}
	],
	"display": {
		"head": {
			"translation": [0, -12.25, 0],
			"scale": [1.5, 1.5, 1.5]
		}
	}
}