{
	"credit": "Made with Blockbench",
	"texture_size": [128, 128],
	"textures": {
		"0": "nihility:entity/airship/sail",
		"particle": "nihility:entity/airship/sail"
	},
	"elements": [
		{
			"from": [7, -6, 7],
			"to": [9, 32, 9],
			"faces": {
				"north": {"uv": [0, 3.625, 0.25, 8.375], "texture": "#0"},
				"east": {"uv": [0.25, 3.625, 0.5, 8.375], "texture": "#0"},
				"south": {"uv": [0.5, 3.625, 0.75, 8.375], "texture": "#0"},
				"west": {"uv": [0.75, 3.625, 1, 8.375], "texture": "#0"},
				"up": {"uv": [1.75, 4.125, 1.5, 3.875], "texture": "#0"},
				"down": {"uv": [2, 3.875, 1.75, 4.125], "texture": "#0"}
			}
		},
		{
			"from": [8, 2, 9],
			"to": [8, 31, 28],
			"faces": {
				"north": {"uv": [0, 0, 0, 3.625], "texture": "#0"},
				"east": {"uv": [2.375, 0, 0, 3.625], "texture": "#0"},
				"south": {"uv": [0, 0, 0, 3.625], "texture": "#0"},
				"west": {"uv": [2.375, 0, 4.75, 3.625], "texture": "#0"},
				"up": {"uv": [0, 2.375, 0, 0], "texture": "#0"},
				"down": {"uv": [0, 0, 0, 2.375], "texture": "#0"}
			}
		},
		{
			"from": [7, 1, 9],
			"to": [9, 2, 29],
			"faces": {
				"north": {"uv": [2, 3.875, 2.25, 4], "texture": "#0"},
				"east": {"uv": [1.5, 3.625, 4, 3.75], "texture": "#0"},
				"south": {"uv": [2.25, 3.875, 2.5, 4], "texture": "#0"},
				"west": {"uv": [1.5, 3.75, 4, 3.875], "texture": "#0"},
				"up": {"uv": [1.25, 6.125, 1, 3.625], "texture": "#0"},
				"down": {"uv": [1.5, 3.625, 1.25, 6.125], "texture": "#0"}
			}
		}
	],
	"display": {
		"head": {
			"translation": [0.25, -3.5, -0.25],
			"scale": [2, 2, 2]
		}
	}
}