{
	"credit": "Made with Blockbench",
	"texture_size": [32, 32],
	"textures": {
		"0": "asy:entity/flutterfly/body",
		"1": "asy:entity/flutterfly/wing1",
		"2": "asy:entity/flutterfly/wing2",
		"3": "asy:entity/flutterfly/wing3",
		"4": "asy:entity/flutterfly/wing4",
		"particle": "asy:entity/flutterfly/body"
	},
	"elements": [
		{
			"from": [4, 6, 4],
			"to": [12, 14, 13],
			"faces": {
				"north": {"uv": [0, 8, 4, 12], "texture": "#0", "tintindex": 0},
				"east": {"uv": [0, 0, 4.5, 4], "texture": "#0", "tintindex": 0},
				"south": {"uv": [8.5, 0, 12.5, 4], "texture": "#0", "tintindex": 0},
				"west": {"uv": [0, 4, 4.5, 8], "texture": "#0", "tintindex": 0},
				"up": {"uv": [8.5, 4.5, 4.5, 0], "texture": "#0", "tintindex": 0},
				"down": {"uv": [8.5, 4.5, 4.5, 9], "texture": "#0", "tintindex": 0}
			}
		},
		{
			"from": [5, 14, 6],
			"to": [6, 17, 6],
			"faces": {
				"north": {"uv": [12, 6.5, 12.5, 8], "texture": "#0", "tintindex": 0},
				"east": {"uv": [0, 0, 0, 1.5], "texture": "#0", "tintindex": 0},
				"south": {"uv": [12, 10, 12.5, 11.5], "texture": "#0", "tintindex": 0},
				"west": {"uv": [0, 0, 0, 1.5], "texture": "#0", "tintindex": 0},
				"up": {"uv": [0.5, 0, 0, 0], "texture": "#0", "tintindex": 0},
				"down": {"uv": [0.5, 0, 0, 0], "texture": "#0", "tintindex": 0}
			}
		},
		{
			"from": [10, 14, 6],
			"to": [11, 17, 6],
			"faces": {
				"north": {"uv": [12, 11.5, 12.5, 13], "texture": "#0", "tintindex": 0},
				"east": {"uv": [0, 0, 0, 1.5], "texture": "#0", "tintindex": 0},
				"south": {"uv": [12.5, 0, 13, 1.5], "texture": "#0", "tintindex": 0},
				"west": {"uv": [0, 0, 0, 1.5], "texture": "#0", "tintindex": 0},
				"up": {"uv": [0.5, 0, 0, 0], "texture": "#0", "tintindex": 0},
				"down": {"uv": [0.5, 0, 0, 0], "texture": "#0", "tintindex": 0}
			}
		},
		{
			"from": [4, 17, 6],
			"to": [6, 19, 6],
			"rotation": {"angle": 0, "axis": "y", "origin": [0, -1, 0]},
			"faces": {
				"north": {"uv": [6.5, 9, 7.5, 10], "texture": "#0", "tintindex": 0},
				"east": {"uv": [0, 0, 0, 1], "texture": "#0", "tintindex": 0},
				"south": {"uv": [7.5, 9, 8.5, 10], "texture": "#0", "tintindex": 0},
				"west": {"uv": [0, 0, 0, 1], "texture": "#0", "tintindex": 0},
				"up": {"uv": [1, 0, 0, 0], "texture": "#0", "tintindex": 0},
				"down": {"uv": [1, 0, 0, 0], "texture": "#0", "tintindex": 0}
			}
		},
		{
			"from": [10, 17, 6],
			"to": [12, 19, 6],
			"rotation": {"angle": 0, "axis": "y", "origin": [0, -1, 0]},
			"faces": {
				"north": {"uv": [11.5, 9, 12.5, 10], "texture": "#0", "tintindex": 0},
				"east": {"uv": [0, 0, 0, 1], "texture": "#0", "tintindex": 0},
				"south": {"uv": [5.5, 12, 6.5, 13], "texture": "#0", "tintindex": 0},
				"west": {"uv": [0, 0, 0, 1], "texture": "#0", "tintindex": 0},
				"up": {"uv": [1, 0, 0, 0], "texture": "#0", "tintindex": 0},
				"down": {"uv": [1, 0, 0, 0], "texture": "#0", "tintindex": 0}
			}
		},
		{
			"from": [5, 7, 13],
			"to": [11, 13, 18],
			"rotation": {"angle": 0, "axis": "y", "origin": [0, 0, 1]},
			"faces": {
				"north": {"uv": [8.5, 4, 11.5, 7], "texture": "#0", "tintindex": 0},
				"east": {"uv": [4, 9, 6.5, 12], "texture": "#0", "tintindex": 0},
				"south": {"uv": [8.5, 7, 11.5, 10], "texture": "#0", "tintindex": 0},
				"west": {"uv": [6.5, 10, 9, 13], "texture": "#0", "tintindex": 0},
				"up": {"uv": [12, 12.5, 9, 10], "texture": "#0", "tintindex": 0},
				"down": {"uv": [14.5, 4, 11.5, 6.5], "texture": "#0", "tintindex": 0}
			}
		},
		{
			"from": [3.08566, 2.38099, 5],
			"to": [3.08566, 7.38099, 6],
			"rotation": {"angle": -22.5, "axis": "z", "origin": [3.08566, 2.38099, 6]},
			"faces": {
				"north": {"uv": [0, 0, 0, 2.5], "texture": "#0", "tintindex": 0},
				"east": {"uv": [2.5, 12, 3, 14.5], "texture": "#0", "tintindex": 0},
				"south": {"uv": [0, 0, 0, 2.5], "texture": "#0", "tintindex": 0},
				"west": {"uv": [3, 12, 3.5, 14.5], "texture": "#0", "tintindex": 0},
				"up": {"uv": [0, 0.5, 0, 0], "texture": "#0", "tintindex": 0},
				"down": {"uv": [0, 0, 0, 0.5], "texture": "#0", "tintindex": 0}
			}
		},
		{
			"from": [3.08566, 2.38099, 5],
			"to": [5.08566, 2.38099, 6],
			"rotation": {"angle": -22.5, "axis": "z", "origin": [3.08566, 2.38099, 6]},
			"faces": {
				"north": {"uv": [0, 0, 1, 0], "texture": "#0", "tintindex": 0},
				"east": {"uv": [0, 0, 0.5, 0], "texture": "#0", "tintindex": 0},
				"south": {"uv": [0, 0, 1, 0], "texture": "#0", "tintindex": 0},
				"west": {"uv": [0, 0, 0.5, 0], "texture": "#0", "tintindex": 0},
				"up": {"uv": [13.5, 4, 12.5, 3.5], "texture": "#0", "tintindex": 0},
				"down": {"uv": [13.5, 6.5, 12.5, 7], "texture": "#0", "tintindex": 0}
			}
		},
		{
			"from": [3.08566, 2.38099, 8],
			"to": [5.08566, 2.38099, 9],
			"rotation": {"angle": -22.5, "axis": "z", "origin": [3.08566, 2.38099, 9]},
			"faces": {
				"north": {"uv": [0, 0, 1, 0], "texture": "#0", "tintindex": 0},
				"east": {"uv": [0, 0, 0.5, 0], "texture": "#0", "tintindex": 0},
				"south": {"uv": [0, 0, 1, 0], "texture": "#0", "tintindex": 0},
				"west": {"uv": [0, 0, 0.5, 0], "texture": "#0", "tintindex": 0},
				"up": {"uv": [13.5, 7.5, 12.5, 7], "texture": "#0", "tintindex": 0},
				"down": {"uv": [13.5, 7.5, 12.5, 8], "texture": "#0", "tintindex": 0}
			}
		},
		{
			"from": [3.08566, 2.38099, 8],
			"to": [3.08566, 7.38099, 9],
			"rotation": {"angle": -22.5, "axis": "z", "origin": [3.08566, 2.38099, 9]},
			"faces": {
				"north": {"uv": [0, 0, 0, 2.5], "texture": "#0", "tintindex": 0},
				"east": {"uv": [3.5, 12, 4, 14.5], "texture": "#0", "tintindex": 0},
				"south": {"uv": [0, 0, 0, 2.5], "texture": "#0", "tintindex": 0},
				"west": {"uv": [4, 12, 4.5, 14.5], "texture": "#0", "tintindex": 0},
				"up": {"uv": [0, 0.5, 0, 0], "texture": "#0", "tintindex": 0},
				"down": {"uv": [0, 0, 0, 0.5], "texture": "#0", "tintindex": 0}
			}
		},
		{
			"from": [3.08566, 2.38099, 11],
			"to": [5.08566, 2.38099, 12],
			"rotation": {"angle": -22.5, "axis": "z", "origin": [3.08566, 2.38099, 12]},
			"faces": {
				"north": {"uv": [0, 0, 1, 0], "texture": "#0", "tintindex": 0},
				"east": {"uv": [0, 0, 0.5, 0], "texture": "#0", "tintindex": 0},
				"south": {"uv": [0, 0, 1, 0], "texture": "#0", "tintindex": 0},
				"west": {"uv": [0, 0, 0.5, 0], "texture": "#0", "tintindex": 0},
				"up": {"uv": [10, 13, 9, 12.5], "texture": "#0", "tintindex": 0},
				"down": {"uv": [13.5, 9, 12.5, 9.5], "texture": "#0", "tintindex": 0}
			}
		},
		{
			"from": [3.08566, 2.38099, 11],
			"to": [3.08566, 7.38099, 12],
			"rotation": {"angle": -22.5, "axis": "z", "origin": [3.08566, 2.38099, 12]},
			"faces": {
				"north": {"uv": [0, 0, 0, 2.5], "texture": "#0", "tintindex": 0},
				"east": {"uv": [4.5, 12, 5, 14.5], "texture": "#0", "tintindex": 0},
				"south": {"uv": [0, 0, 0, 2.5], "texture": "#0", "tintindex": 0},
				"west": {"uv": [5, 12, 5.5, 14.5], "texture": "#0", "tintindex": 0},
				"up": {"uv": [0, 0.5, 0, 0], "texture": "#0", "tintindex": 0},
				"down": {"uv": [0, 0, 0, 0.5], "texture": "#0", "tintindex": 0}
			}
		},
		{
			"from": [12.91434, 2.38099, 5],
			"to": [12.91434, 7.38099, 6],
			"rotation": {"angle": 22.5, "axis": "z", "origin": [12.91434, 2.38099, 6]},
			"faces": {
				"north": {"uv": [0, 0, 0, 2.5], "texture": "#0", "tintindex": 0},
				"east": {"uv": [11.5, 6.5, 12, 9], "texture": "#0", "tintindex": 0},
				"south": {"uv": [0, 0, 0, 2.5], "texture": "#0", "tintindex": 0},
				"west": {"uv": [0, 12, 0.5, 14.5], "texture": "#0", "tintindex": 0},
				"up": {"uv": [0, 0.5, 0, 0], "texture": "#0", "tintindex": 0},
				"down": {"uv": [0, 0, 0, 0.5], "texture": "#0", "tintindex": 0}
			}
		},
		{
			"from": [10.91434, 2.38099, 5],
			"to": [12.91434, 2.38099, 6],
			"rotation": {"angle": 22.5, "axis": "z", "origin": [12.91434, 2.38099, 6]},
			"faces": {
				"north": {"uv": [0, 0, 1, 0], "texture": "#0", "tintindex": 0},
				"east": {"uv": [0, 0, 0.5, 0], "texture": "#0", "tintindex": 0},
				"south": {"uv": [0, 0, 1, 0], "texture": "#0", "tintindex": 0},
				"west": {"uv": [0, 0, 0.5, 0], "texture": "#0", "tintindex": 0},
				"up": {"uv": [13, 8.5, 12, 8], "texture": "#0", "tintindex": 0},
				"down": {"uv": [13, 8.5, 12, 9], "texture": "#0", "tintindex": 0}
			}
		},
		{
			"from": [10.91434, 2.38099, 8],
			"to": [12.91434, 2.38099, 9],
			"rotation": {"angle": 22.5, "axis": "z", "origin": [12.91434, 2.38099, 9]},
			"faces": {
				"north": {"uv": [0, 0, 1, 0], "texture": "#0", "tintindex": 0},
				"east": {"uv": [0, 0, 0.5, 0], "texture": "#0", "tintindex": 0},
				"south": {"uv": [0, 0, 1, 0], "texture": "#0", "tintindex": 0},
				"west": {"uv": [0, 0, 0.5, 0], "texture": "#0", "tintindex": 0},
				"up": {"uv": [13.5, 2, 12.5, 1.5], "texture": "#0", "tintindex": 0},
				"down": {"uv": [13.5, 2, 12.5, 2.5], "texture": "#0", "tintindex": 0}
			}
		},
		{
			"from": [12.91434, 2.38099, 8],
			"to": [12.91434, 7.38099, 9],
			"rotation": {"angle": 22.5, "axis": "z", "origin": [12.91434, 2.38099, 9]},
			"faces": {
				"north": {"uv": [0, 0, 0, 2.5], "texture": "#0", "tintindex": 0},
				"east": {"uv": [1.5, 12, 2, 14.5], "texture": "#0", "tintindex": 0},
				"south": {"uv": [0, 0, 0, 2.5], "texture": "#0", "tintindex": 0},
				"west": {"uv": [2, 12, 2.5, 14.5], "texture": "#0", "tintindex": 0},
				"up": {"uv": [0, 0.5, 0, 0], "texture": "#0", "tintindex": 0},
				"down": {"uv": [0, 0, 0, 0.5], "texture": "#0", "tintindex": 0}
			}
		},
		{
			"from": [12.91434, 2.38099, 11],
			"to": [12.91434, 7.38099, 12],
			"rotation": {"angle": 22.5, "axis": "z", "origin": [12.91434, 2.38099, 12]},
			"faces": {
				"north": {"uv": [0, 0, 0, 2.5], "texture": "#0", "tintindex": 0},
				"east": {"uv": [0.5, 12, 1, 14.5], "texture": "#0", "tintindex": 0},
				"south": {"uv": [0, 0, 0, 2.5], "texture": "#0", "tintindex": 0},
				"west": {"uv": [1, 12, 1.5, 14.5], "texture": "#0", "tintindex": 0},
				"up": {"uv": [0, 0.5, 0, 0], "texture": "#0", "tintindex": 0},
				"down": {"uv": [0, 0, 0, 0.5], "texture": "#0", "tintindex": 0}
			}
		},
		{
			"from": [10.91434, 2.38099, 11],
			"to": [12.91434, 2.38099, 12],
			"rotation": {"angle": 22.5, "axis": "z", "origin": [12.91434, 2.38099, 12]},
			"faces": {
				"north": {"uv": [0, 0, 1, 0], "texture": "#0", "tintindex": 0},
				"east": {"uv": [0, 0, 0.5, 0], "texture": "#0", "tintindex": 0},
				"south": {"uv": [0, 0, 1, 0], "texture": "#0", "tintindex": 0},
				"west": {"uv": [0, 0, 0.5, 0], "texture": "#0", "tintindex": 0},
				"up": {"uv": [13.5, 3, 12.5, 2.5], "texture": "#0", "tintindex": 0},
				"down": {"uv": [13.5, 3, 12.5, 3.5], "texture": "#0", "tintindex": 0}
			}
		},
		{
			"from": [-12, 9, 3],
			"to": [4, 9, 19],
			"rotation": {"angle": -22.5, "axis": "z", "origin": [4, 9, 4]},
			"faces": {
				"north": {"uv": [0, 0, 8, 0], "texture": "#1", "tintindex": 0},
				"east": {"uv": [0, 0, 8, 0], "texture": "#1", "tintindex": 0},
				"south": {"uv": [0, 0, 8, 0], "texture": "#1", "tintindex": 0},
				"west": {"uv": [0, 0, 8, 0], "texture": "#1", "tintindex": 0},
				"up": {"uv": [16, 0, 0, 16], "texture": "#1", "tintindex": 0},
				"down": {"uv": [16, 16, 0, 0], "texture": "#1", "tintindex": 0}
			}
		},
		{
			"from": [12, 9, 3],
			"to": [28, 9, 19],
			"rotation": {"angle": 22.5, "axis": "z", "origin": [12, 9, 4]},
			"faces": {
				"north": {"uv": [0, 0, 8, 0], "texture": "#1", "tintindex": 0},
				"east": {"uv": [0, 0, 8, 0], "texture": "#1", "tintindex": 0},
				"south": {"uv": [0, 0, 8, 0], "texture": "#1", "tintindex": 0},
				"west": {"uv": [0, 0, 8, 0], "texture": "#1", "tintindex": 0},
				"up": {"uv": [0, 0, 16, 16], "texture": "#1", "tintindex": 0},
				"down": {"uv": [0, 16, 16, 0], "texture": "#1", "tintindex": 0}
			}
		},
		{
			"from": [-12, 9, 3],
			"to": [4, 9, 19],
			"rotation": {"angle": 0, "axis": "z", "origin": [4, 9, 4]},
			"faces": {
				"north": {"uv": [0, 0, 8, 0], "texture": "#2", "tintindex": 0},
				"east": {"uv": [0, 0, 8, 0], "texture": "#2", "tintindex": 0},
				"south": {"uv": [0, 0, 8, 0], "texture": "#2", "tintindex": 0},
				"west": {"uv": [0, 0, 8, 0], "texture": "#2", "tintindex": 0},
				"up": {"uv": [16, 0, 0, 16], "texture": "#2", "tintindex": 0},
				"down": {"uv": [16, 16, 0, 0], "texture": "#2", "tintindex": 0}
			}
		},
		{
			"from": [12, 9, 3],
			"to": [28, 9, 19],
			"rotation": {"angle": 0, "axis": "z", "origin": [12, 9, 4]},
			"faces": {
				"north": {"uv": [0, 0, 8, 0], "texture": "#2", "tintindex": 0},
				"east": {"uv": [0, 0, 8, 0], "texture": "#2", "tintindex": 0},
				"south": {"uv": [0, 0, 8, 0], "texture": "#2", "tintindex": 0},
				"west": {"uv": [0, 0, 8, 0], "texture": "#2", "tintindex": 0},
				"up": {"uv": [0, 0, 16, 16], "texture": "#2", "tintindex": 0},
				"down": {"uv": [0, 16, 16, 0], "texture": "#2", "tintindex": 0}
			}
		},
		{
			"from": [-12, 9, 3],
			"to": [4, 9, 19],
			"rotation": {"angle": 22.5, "axis": "z", "origin": [4, 9, 4]},
			"faces": {
				"north": {"uv": [0, 0, 8, 0], "texture": "#3", "tintindex": 0},
				"east": {"uv": [0, 0, 8, 0], "texture": "#3", "tintindex": 0},
				"south": {"uv": [0, 0, 8, 0], "texture": "#3", "tintindex": 0},
				"west": {"uv": [0, 0, 8, 0], "texture": "#3", "tintindex": 0},
				"up": {"uv": [16, 0, 0, 16], "texture": "#3", "tintindex": 0},
				"down": {"uv": [16, 16, 0, 0], "texture": "#3", "tintindex": 0}
			}
		},
		{
			"from": [12, 9, 3],
			"to": [28, 9, 19],
			"rotation": {"angle": -22.5, "axis": "z", "origin": [12, 9, 4]},
			"faces": {
				"north": {"uv": [0, 0, 8, 0], "texture": "#3", "tintindex": 0},
				"east": {"uv": [0, 0, 8, 0], "texture": "#3", "tintindex": 0},
				"south": {"uv": [0, 0, 8, 0], "texture": "#3", "tintindex": 0},
				"west": {"uv": [0, 0, 8, 0], "texture": "#3", "tintindex": 0},
				"up": {"uv": [0, 0, 16, 16], "texture": "#3", "tintindex": 0},
				"down": {"uv": [0, 16, 16, 0], "texture": "#3", "tintindex": 0}
			}
		},
		{
			"from": [-12, 9, 3],
			"to": [4, 9, 19],
			"rotation": {"angle": 45, "axis": "z", "origin": [4, 9, 4]},
			"faces": {
				"north": {"uv": [0, 0, 8, 0], "texture": "#4", "tintindex": 0},
				"east": {"uv": [0, 0, 8, 0], "texture": "#4", "tintindex": 0},
				"south": {"uv": [0, 0, 8, 0], "texture": "#4", "tintindex": 0},
				"west": {"uv": [0, 0, 8, 0], "texture": "#4", "tintindex": 0},
				"up": {"uv": [16, 0, 0, 16], "texture": "#4", "tintindex": 0},
				"down": {"uv": [16, 16, 0, 0], "texture": "#4", "tintindex": 0}
			}
		},
		{
			"from": [12, 9, 3],
			"to": [28, 9, 19],
			"rotation": {"angle": -45, "axis": "z", "origin": [12, 9, 4]},
			"faces": {
				"north": {"uv": [0, 0, 8, 0], "texture": "#4", "tintindex": 0},
				"east": {"uv": [0, 0, 8, 0], "texture": "#4", "tintindex": 0},
				"south": {"uv": [0, 0, 8, 0], "texture": "#4", "tintindex": 0},
				"west": {"uv": [0, 0, 8, 0], "texture": "#4", "tintindex": 0},
				"up": {"uv": [0, 0, 16, 16], "texture": "#4", "tintindex": 0},
				"down": {"uv": [0, 16, 16, 0], "texture": "#4", "tintindex": 0}
			}
		}
	],
	"display": {
		"head": {
			"translation": [0, -10, 0],
			"scale": [2, 2, 2]
		}
	},
	"groups": [
		{
			"name": "body",
			"origin": [4.01, 5.55796, 6.79063],
			"color": 0,
			"children": [0, 1, 2, 3, 4, 5, 6, 7, 8, 9, 10, 11, 12, 13, 14, 15, 16, 17]
		},
		{
			"name": "w1",
			"origin": [8, 8, 8],
			"color": 0,
			"children": [18, 19]
		},
		{
			"name": "w2",
			"origin": [8, 8, 8],
			"color": 0,
			"children": [20, 21]
		},
		{
			"name": "w3",
			"origin": [8, 8, 8],
			"color": 0,
			"children": [22, 23]
		},
		{
			"name": "w4",
			"origin": [8, 8, 8],
			"color": 0,
			"children": [24, 25]
		}
	]
}