{
	"credit": "Made with Blockbench",
	"texture_size": [64, 64],
	"textures": {
		"0": "asy:entity/flutterpillar/body",
		"1": "asy:entity/flutterpillar/wing",
		"2": "asy:entity/flutterpillar/wing1",
		"3": "asy:entity/flutterpillar/wing2",
		"4": "asy:entity/flutterpillar/wing3",
		"particle": "asy:entity/flutterpillar/body"
	},
	"elements": [
		{
			"from": [6, -0.44204, -2.20937],
			"to": [10, 3.55796, 2.79063],
			"rotation": {"angle": -22.5, "axis": "x", "origin": [4.01, 5.55796, 6.79063]},
			"faces": {
				"north": {"uv": [3.25, 9.5, 4.25, 10.5], "texture": "#0", "tintindex": 0},
				"east": {"uv": [2, 8.75, 3.25, 9.75], "texture": "#0", "tintindex": 0},
				"south": {"uv": [9.5, 3.75, 10.5, 4.75], "texture": "#0", "tintindex": 0},
				"west": {"uv": [0, 9.25, 1.25, 10.25], "texture": "#0", "tintindex": 0},
				"up": {"uv": [10.5, 2.5, 9.5, 1.25], "texture": "#0", "tintindex": 0},
				"down": {"uv": [10.5, 2.5, 9.5, 3.75], "texture": "#0", "tintindex": 0}
			}
		},
		{
			"from": [4, 9, -1],
			"to": [12, 17, 7],
			"faces": {
				"north": {"uv": [0, 0, 2, 2], "texture": "#0", "tintindex": 0},
				"east": {"uv": [0, 2, 2, 4], "texture": "#0", "tintindex": 0},
				"south": {"uv": [2, 0, 4, 2], "texture": "#0", "tintindex": 0},
				"west": {"uv": [2, 2, 4, 4], "texture": "#0", "tintindex": 0},
				"up": {"uv": [2, 6, 0, 4], "texture": "#0", "tintindex": 0},
				"down": {"uv": [6, 0, 4, 2], "texture": "#0", "tintindex": 0}
			}
		},
		{
			"from": [4.01, 6.80761, 4.87868],
			"to": [11.99, 12.80761, 12.87868],
			"rotation": {"angle": -45, "axis": "x", "origin": [4, 7.80761, 4.87868]},
			"faces": {
				"north": {"uv": [6, 0, 8, 1.5], "texture": "#0", "tintindex": 0},
				"east": {"uv": [6, 1.5, 8, 3], "texture": "#0", "tintindex": 0},
				"south": {"uv": [2, 6, 4, 7.5], "texture": "#0", "tintindex": 0},
				"west": {"uv": [6, 3, 8, 4.5], "texture": "#0", "tintindex": 0},
				"up": {"uv": [4, 6, 2, 4], "texture": "#0", "tintindex": 0},
				"down": {"uv": [6, 2, 4, 4], "texture": "#0", "tintindex": 0}
			}
		},
		{
			"from": [4.02, 5.07649, 5.76502],
			"to": [11.98, 10.07649, 13.76502],
			"rotation": {"angle": -22.5, "axis": "x", "origin": [4.01, 5.07649, 5.76502]},
			"faces": {
				"north": {"uv": [2, 7.5, 4, 8.75], "texture": "#0", "tintindex": 0},
				"east": {"uv": [7.5, 4.5, 9.5, 5.75], "texture": "#0", "tintindex": 0},
				"south": {"uv": [0, 8, 2, 9.25], "texture": "#0", "tintindex": 0},
				"west": {"uv": [8, 0, 10, 1.25], "texture": "#0", "tintindex": 0},
				"up": {"uv": [6, 6, 4, 4], "texture": "#0", "tintindex": 0},
				"down": {"uv": [2, 6, 0, 8], "texture": "#0", "tintindex": 0}
			}
		},
		{
			"from": [5, 3.07649, 4.76502],
			"to": [11, 11.07649, 10.76502],
			"rotation": {"angle": 22.5, "axis": "x", "origin": [4.01, 5.07649, 5.76502]},
			"faces": {
				"north": {"uv": [4, 6, 5.5, 8], "texture": "#0", "tintindex": 0},
				"east": {"uv": [6, 4.5, 7.5, 6.5], "texture": "#0", "tintindex": 0},
				"south": {"uv": [5.5, 6.5, 7, 8.5], "texture": "#0", "tintindex": 0},
				"west": {"uv": [7, 6.5, 8.5, 8.5], "texture": "#0", "tintindex": 0},
				"up": {"uv": [9.5, 2.75, 8, 1.25], "texture": "#0", "tintindex": 0},
				"down": {"uv": [9.5, 2.75, 8, 4.25], "texture": "#0", "tintindex": 0}
			}
		},
		{
			"from": [5.01, 0.55796, 0.79063],
			"to": [10.99, 6.55796, 5.79063],
			"rotation": {"angle": -45, "axis": "x", "origin": [4.01, 5.55796, 6.79063]},
			"faces": {
				"north": {"uv": [4, 8, 5.5, 9.5], "texture": "#0", "tintindex": 0},
				"east": {"uv": [8.5, 5.75, 9.75, 7.25], "texture": "#0", "tintindex": 0},
				"south": {"uv": [5.5, 8.5, 7, 10], "texture": "#0", "tintindex": 0},
				"west": {"uv": [7, 8.5, 8.25, 10], "texture": "#0", "tintindex": 0},
				"up": {"uv": [10, 8.5, 8.5, 7.25], "texture": "#0", "tintindex": 0},
				"down": {"uv": [9.75, 8.5, 8.25, 9.75], "texture": "#0", "tintindex": 0}
			}
		},
		{
			"from": [12, 10, 5],
			"to": [20, 19, 5],
			"rotation": {"angle": 22.5, "axis": "y", "origin": [12, 2, 5]},
			"faces": {
				"north": {"uv": [0, 0, 16, 16], "texture": "#1", "tintindex": 0},
				"east": {"uv": [0, 0, 0, 2.25], "texture": "#1", "tintindex": 0},
				"south": {"uv": [16, 0, 0, 16], "texture": "#1", "tintindex": 0},
				"west": {"uv": [0, 0, 0, 2.25], "texture": "#1", "tintindex": 0},
				"up": {"uv": [0, 0, 2, 0], "texture": "#1", "tintindex": 0},
				"down": {"uv": [0, 0, 2, 0], "texture": "#1", "tintindex": 0}
			}
		},
		{
			"from": [-4, 10, 5],
			"to": [4, 19, 5],
			"rotation": {"angle": -22.5, "axis": "y", "origin": [4, 2, 5]},
			"faces": {
				"north": {"uv": [16, 0, 0, 16], "texture": "#1", "tintindex": 0},
				"east": {"uv": [0, 0, 0, 2.25], "texture": "#1", "tintindex": 0},
				"south": {"uv": [0, 0, 16, 16], "texture": "#1", "tintindex": 0},
				"west": {"uv": [0, 0, 0, 2.25], "texture": "#1", "tintindex": 0},
				"up": {"uv": [0, 0, 2, 0], "texture": "#1", "tintindex": 0},
				"down": {"uv": [0, 0, 2, 0], "texture": "#1", "tintindex": 0}
			}
		},
		{
			"from": [12, 10, 5],
			"to": [20, 19, 5],
			"rotation": {"angle": 0, "axis": "y", "origin": [12, 2, 5]},
			"faces": {
				"north": {"uv": [0, 0, 16, 16], "texture": "#2", "tintindex": 0},
				"east": {"uv": [0, 0, 0, 2.25], "texture": "#2", "tintindex": 0},
				"south": {"uv": [16, 0, 0, 16], "texture": "#2", "tintindex": 0},
				"west": {"uv": [0, 0, 0, 2.25], "texture": "#2", "tintindex": 0},
				"up": {"uv": [0, 0, 2, 0], "texture": "#2", "tintindex": 0},
				"down": {"uv": [0, 0, 2, 0], "texture": "#2", "tintindex": 0}
			}
		},
		{
			"from": [-4, 10, 5],
			"to": [4, 19, 5],
			"rotation": {"angle": 0, "axis": "y", "origin": [4, 2, 5]},
			"faces": {
				"north": {"uv": [16, 0, 0, 16], "texture": "#2", "tintindex": 0},
				"east": {"uv": [0, 0, 0, 2.25], "texture": "#2", "tintindex": 0},
				"south": {"uv": [0, 0, 16, 16], "texture": "#2", "tintindex": 0},
				"west": {"uv": [0, 0, 0, 2.25], "texture": "#2", "tintindex": 0},
				"up": {"uv": [0, 0, 2, 0], "texture": "#2", "tintindex": 0},
				"down": {"uv": [0, 0, 2, 0], "texture": "#2", "tintindex": 0}
			}
		},
		{
			"from": [12, 10, 5],
			"to": [20, 19, 5],
			"rotation": {"angle": -22.5, "axis": "y", "origin": [12, 2, 5]},
			"faces": {
				"north": {"uv": [0, 0, 16, 16], "texture": "#3", "tintindex": 0},
				"east": {"uv": [0, 0, 0, 2.25], "texture": "#3", "tintindex": 0},
				"south": {"uv": [16, 0, 0, 16], "texture": "#3", "tintindex": 0},
				"west": {"uv": [0, 0, 0, 2.25], "texture": "#3", "tintindex": 0},
				"up": {"uv": [0, 0, 2, 0], "texture": "#3", "tintindex": 0},
				"down": {"uv": [0, 0, 2, 0], "texture": "#3", "tintindex": 0}
			}
		},
		{
			"from": [-4, 10, 5],
			"to": [4, 19, 5],
			"rotation": {"angle": 22.5, "axis": "y", "origin": [4, 2, 5]},
			"faces": {
				"north": {"uv": [16, 0, 0, 16], "texture": "#3", "tintindex": 0},
				"east": {"uv": [0, 0, 0, 2.25], "texture": "#3", "tintindex": 0},
				"south": {"uv": [0, 0, 16, 16], "texture": "#3", "tintindex": 0},
				"west": {"uv": [0, 0, 0, 2.25], "texture": "#3", "tintindex": 0},
				"up": {"uv": [0, 0, 2, 0], "texture": "#3", "tintindex": 0},
				"down": {"uv": [0, 0, 2, 0], "texture": "#3", "tintindex": 0}
			}
		},
		{
			"from": [12, 10, 5],
			"to": [20, 19, 5],
			"rotation": {"angle": -45, "axis": "y", "origin": [12, 2, 5]},
			"faces": {
				"north": {"uv": [0, 0, 16, 16], "texture": "#4", "tintindex": 0},
				"east": {"uv": [0, 0, 0, 2.25], "texture": "#4", "tintindex": 0},
				"south": {"uv": [16, 0, 0, 16], "texture": "#4", "tintindex": 0},
				"west": {"uv": [0, 0, 0, 2.25], "texture": "#4", "tintindex": 0},
				"up": {"uv": [0, 0, 2, 0], "texture": "#4", "tintindex": 0},
				"down": {"uv": [0, 0, 2, 0], "texture": "#4", "tintindex": 0}
			}
		},
		{
			"from": [-4, 10, 5],
			"to": [4, 19, 5],
			"rotation": {"angle": 45, "axis": "y", "origin": [4, 2, 5]},
			"faces": {
				"north": {"uv": [16, 0, 0, 16], "texture": "#4", "tintindex": 0},
				"east": {"uv": [0, 0, 0, 2.25], "texture": "#4", "tintindex": 0},
				"south": {"uv": [0, 0, 16, 16], "texture": "#4", "tintindex": 0},
				"west": {"uv": [0, 0, 0, 2.25], "texture": "#4", "tintindex": 0},
				"up": {"uv": [0, 0, 2, 0], "texture": "#4", "tintindex": 0},
				"down": {"uv": [0, 0, 2, 0], "texture": "#4", "tintindex": 0}
			}
		}
	],
	"display": {
		"head": {
			"translation": [0, -10, 0],
			"scale": [2, 2, 2]
		}
	},
	"groups": [
		{
			"name": "body",
			"origin": [4.01, 5.55796, 6.79063],
			"color": 0,
			"children": [0, 1, 2, 3, 4, 5]
		},
		{
			"name": "wing",
			"origin": [4, 0, 6],
			"color": 0,
			"children": [6, 7]
		},
		{
			"name": "wing1",
			"origin": [4, 0, 6],
			"color": 0,
			"children": [8, 9]
		},
		{
			"name": "wing2",
			"origin": [4, 0, 6],
			"color": 0,
			"children": [10, 11]
		},
		{
			"name": "wing3",
			"origin": [4, 0, 6],
			"color": 0,
			"children": [12, 13]
		}
	]
}