{
	"credit": "Made with Blockbench",
	"texture_size": [32, 32],
	"textures": {
		"0": "asy:entity/scraper/body",
		"1": "asy:entity/scraper/wing",
		"2": "asy:entity/scraper/wing1",
		"3": "asy:entity/scraper/wing2",
		"4": "asy:entity/scraper/wing3",
		"particle": "asy:entity/scraper/body"
	},
	"elements": [
		{
			"name": "body",
			"from": [4, 0, 4],
			"to": [12, 8, 12],
			"faces": {
				"north": {"uv": [0, 0, 4, 4], "texture": "#0", "tintindex": 0},
				"east": {"uv": [4, 4, 8, 8], "texture": "#0", "tintindex": 0},
				"south": {"uv": [4, 0, 8, 4], "texture": "#0", "tintindex": 0},
				"west": {"uv": [0, 4, 4, 8], "texture": "#0", "tintindex": 0},
				"up": {"uv": [16, 4, 12, 0], "texture": "#0", "tintindex": 0},
				"down": {"uv": [12, 0, 8, 4], "texture": "#0", "tintindex": 0}
			}
		},
		{
			"from": [6, 0, 12],
			"to": [6, 8, 20],
			"rotation": {"angle": 0, "axis": "y", "origin": [6, 0, 12]},
			"faces": {
				"north": {"uv": [0, 0, 0, 4.5], "texture": "#1", "tintindex": 0},
				"east": {"uv": [0, 0, 16, 16], "texture": "#1", "tintindex": 0},
				"south": {"uv": [0, 0, 0, 4.5], "texture": "#1", "tintindex": 0},
				"west": {"uv": [16, 0, 0, 16], "texture": "#1", "tintindex": 0},
				"up": {"uv": [0, 0, 0, 2.5], "texture": "#1", "tintindex": 0},
				"down": {"uv": [0, 0, 0, 2.5], "texture": "#1", "tintindex": 0}
			}
		},
		{
			"from": [10, 0, 12],
			"to": [10, 8, 20],
			"rotation": {"angle": 0, "axis": "y", "origin": [10, 0, 12]},
			"faces": {
				"north": {"uv": [0, 0, 0, 4.5], "texture": "#1", "tintindex": 0},
				"east": {"uv": [0, 0, 16, 16], "texture": "#1", "tintindex": 0},
				"south": {"uv": [0, 0, 0, 4.5], "texture": "#1", "tintindex": 0},
				"west": {"uv": [16, 0, 0, 16], "texture": "#1", "tintindex": 0},
				"up": {"uv": [0, 0, 0, 2.5], "texture": "#1", "tintindex": 0},
				"down": {"uv": [0, 0, 0, 2.5], "texture": "#1", "tintindex": 0}
			}
		},
		{
			"from": [6, 0, 12],
			"to": [6, 8, 20],
			"rotation": {"angle": -22.5, "axis": "y", "origin": [6, 0, 12]},
			"faces": {
				"north": {"uv": [0, 0, 0, 4.5], "texture": "#2", "tintindex": 0},
				"east": {"uv": [0, 0, 16, 16], "texture": "#2", "tintindex": 0},
				"south": {"uv": [0, 0, 0, 4.5], "texture": "#2", "tintindex": 0},
				"west": {"uv": [16, 0, 0, 16], "texture": "#2", "tintindex": 0},
				"up": {"uv": [0, 0, 0, 2.5], "texture": "#2", "tintindex": 0},
				"down": {"uv": [0, 0, 0, 2.5], "texture": "#2", "tintindex": 0}
			}
		},
		{
			"from": [10, 0, 12],
			"to": [10, 8, 20],
			"rotation": {"angle": 22.5, "axis": "y", "origin": [10, 0, 12]},
			"faces": {
				"north": {"uv": [0, 0, 0, 4.5], "texture": "#2", "tintindex": 0},
				"east": {"uv": [0, 0, 16, 16], "texture": "#2", "tintindex": 0},
				"south": {"uv": [0, 0, 0, 4.5], "texture": "#2", "tintindex": 0},
				"west": {"uv": [16, 0, 0, 16], "texture": "#2", "tintindex": 0},
				"up": {"uv": [0, 0, 0, 2.5], "texture": "#2", "tintindex": 0},
				"down": {"uv": [0, 0, 0, 2.5], "texture": "#2", "tintindex": 0}
			}
		},
		{
			"from": [6, 0, 12],
			"to": [6, 8, 20],
			"rotation": {"angle": -45, "axis": "y", "origin": [6, 0, 12]},
			"faces": {
				"north": {"uv": [0, 0, 0, 4.5], "texture": "#3", "tintindex": 0},
				"east": {"uv": [0, 0, 16, 16], "texture": "#3", "tintindex": 0},
				"south": {"uv": [0, 0, 0, 4.5], "texture": "#3", "tintindex": 0},
				"west": {"uv": [16, 0, 0, 16], "texture": "#3", "tintindex": 0},
				"up": {"uv": [0, 0, 0, 2.5], "texture": "#3", "tintindex": 0},
				"down": {"uv": [0, 0, 0, 2.5], "texture": "#3", "tintindex": 0}
			}
		},
		{
			"from": [10, 0, 12],
			"to": [10, 8, 20],
			"rotation": {"angle": 45, "axis": "y", "origin": [10, 0, 12]},
			"faces": {
				"north": {"uv": [0, 0, 0, 4.5], "texture": "#3", "tintindex": 0},
				"east": {"uv": [0, 0, 16, 16], "texture": "#3", "tintindex": 0},
				"south": {"uv": [0, 0, 0, 4.5], "texture": "#3", "tintindex": 0},
				"west": {"uv": [16, 0, 0, 16], "texture": "#3", "tintindex": 0},
				"up": {"uv": [0, 0, 0, 2.5], "texture": "#3", "tintindex": 0},
				"down": {"uv": [0, 0, 0, 2.5], "texture": "#3", "tintindex": 0}
			}
		},
		{
			"from": [-2, 0, 12],
			"to": [6, 8, 12],
			"rotation": {"angle": 22.5, "axis": "y", "origin": [6, 0, 12]},
			"faces": {
				"north": {"uv": [16, 0, 0, 16], "texture": "#4", "tintindex": 0},
				"east": {"uv": [0, 0, 0, 4.5], "texture": "#4", "tintindex": 0},
				"south": {"uv": [0, 0, 16, 16], "texture": "#4", "tintindex": 0},
				"west": {"uv": [0, 0, 0, 4.5], "texture": "#4", "tintindex": 0},
				"up": {"uv": [0, 0, 0, 2.5], "rotation": 90, "texture": "#4", "tintindex": 0},
				"down": {"uv": [0, 0, 0, 2.5], "rotation": 270, "texture": "#4", "tintindex": 0}
			}
		},
		{
			"from": [10, 0, 12],
			"to": [18, 8, 12],
			"rotation": {"angle": -22.5, "axis": "y", "origin": [10, 0, 12]},
			"faces": {
				"north": {"uv": [0, 0, 16, 16], "texture": "#4", "tintindex": 0},
				"east": {"uv": [0, 0, 0, 4.5], "texture": "#4", "tintindex": 0},
				"south": {"uv": [16, 0, 0, 16], "texture": "#4", "tintindex": 0},
				"west": {"uv": [0, 0, 0, 4.5], "texture": "#4", "tintindex": 0},
				"up": {"uv": [0, 0, 0, 2.5], "rotation": 270, "texture": "#4", "tintindex": 0},
				"down": {"uv": [0, 0, 0, 2.5], "rotation": 90, "texture": "#4", "tintindex": 0}
			}
		}
	],
	"display": {
		"head": {
			"translation": [0, -10, 0],
			"scale": [2, 2, 2]
		}
	},
	"groups": [
		0,
		{
			"name": "wings",
			"origin": [8, 8, 8],
			"color": 0,
			"children": [1, 2]
		},
		{
			"name": "wings1",
			"origin": [8, 8, 8],
			"color": 0,
			"children": [3, 4]
		},
		{
			"name": "wings2",
			"origin": [8, 8, 8],
			"color": 0,
			"children": [5, 6]
		},
		{
			"name": "wings3",
			"origin": [8, 8, 8],
			"color": 0,
			"children": [7, 8]
		}
	]
}